name,score,review
로지,100,모둠 사시미에 줄서 봅니다.
로지,100,너무 숙성된(?) 사시미...친절하지만 맛은 그다지.
재패니즈다이닝안심,80,"맛있습니다 잘먹었습니다
또 갈거 같은데 뭔가 모르게
와~~하기에는 좀
아쉬움이 있어서 별4개네요"
재패니즈다이닝안심,80,역대급 맛집이에요
재패니즈다이닝안심,80,사시미랑 구이랑 모두 다 너무 훌륭합니다 !
수락정김밥,80,계란말이 김밥 맛있어요^0^
멘야 유메미루,80,맛있어요!
멘야 유메미루,80,"맛은 좋으나 위생은 빵점. 브레이크타임이 세시간인데 식탁에 음식 찌꺼기가 그대로 있음. 브레이크타임에 청소 안하고 담배나 줄창피고 꿀잠자는 듯. 아저씨 둘이서 주방에서 큰소리로 서로 윽박지르는 꼴 구경하는건 덤. 야, 씨, 뭐, 온갖 고성이 날아드는데 아주 가관이다."
멘야 유메미루,80,맛있어요!
스시리큐,100,"셰프님도 친절하시고 맛있었음.
특히 홀매니저님의 서비스가 좋았음."
스시리큐,100,"맛있어요. 전어, 줄무늬전갱이가 특히 기억에 남아요"
스시리큐,100,흠잡을데 없이 맛있었던 스시 오마카세
후라토식당 역삼점,80,너무 맛있어요 그리고 새로운 분위기여서 데이트하기 좋아요
후라토식당 역삼점,80,가끔 전화를 안 받으셔서 속이 터지지만 규카츠 맛도 그렇고 주차도 넉넉하고 카레도 맛있고 굿
기분좋은날,100,맛있는데 가성비도 꿀입니다!! 제가 갔을 땐 모두 친절하셨어요 굿굿
참치여행 강남본점,100,실장님추천코스 먹었는데 구성도 좋고 참치회도 정말 맛있었어요. 직원분들도 친절해서 기분좋게 먹고 왔습니다!
참치여행 강남본점,100,정말 맛있어요 . 손님대접을 정말 좋은자리 입니다 . 맛을 짱 이고요 ~ 다시 방문하고싶습니다 회식장소
참치여행 강남본점,100,우선 참치집에서 연어주는 곳은 좀...
스시와이키키 도곡점,100,좋아요.. 맛집이자 잘 해주고 싶은집 입니다.
스시와이키키 도곡점,100,사장님 이렇게 해서 남는게 있습니까?
스시와이키키 도곡점,100,가성비 맛집 인정입니다
스시히로아키,100,"접객 훌륭하시고, 샤리간 잘맞고 기본적으로 조화롭고 맛있습니다! 곧 뜰거같은..!"
스시히로아키,100,강한맛. 술안주로 좋음
스시히로아키,100,냐암 청어 맛있네욤 홍홍 하나도 안짜던데용~~!!
요란,100,음식도 맛있고 요즘같은때에 룸으로 나눠져 있어서 너무좋아요~~
압구정찹쌀순대 본점,40,"육수 조금 더 달라니까 많이 준거라고 하고 마네요
맛은 극평범"
압구정찹쌀순대 본점,40,우연히 알게된 압구정 찹쌀순대집 순대가 쫄깃쫄깃하고 국물맛이 수저를 놓을 수가 없을 정도로 맛이 엄청나네요 배불리먹고ㅎㅎ 싸장님이 철판도 맛있다고 적극추천이라 다음번에 회사동료들과 모임하기로했어요^^
압구정찹쌀순대 본점,40,"순대국 건더기 푸짐하고 국물 잡내없이 넘 시원 깔끔해요!! 숨은 맛집인듯ㅎㅎ 찹쌀순대는 쫀득,찰진것이 몇개만 먹어도 배 불러질 만큼 실하네요.. 굿굿"
아비꼬 신사가로수길점,60,닭 가라아게 먹는데 누린내같은 냄새가 느껴져요ㅠㅠ 직원분들은 친절하세요
아비꼬 신사가로수길점,60,"신사동 점심, 혼밥으로도 정말 좋은 곳을 발견했어요^^
매콤하게 카레 매운 단계도 선택할 수 있고 독서실 형태의 특이한 테이블로 주변 신경쓰지 않고 혼자서도 맛있게 식사를 하실 수 있어요!!
새로나온 매콤간장순살치킨은 사이드로 주문해 함께 드시기에도 정말 좋아요
직원분들 정말 친절하셔서 기분좋게 식사 할 수 있어 더더욱 좋았던 곳이랍니다
조만간 또 먹으러 가야겠어요^))^
더보기"
돈바치,100,"규동 곱빼기 7천 7백

에비동 새우튀김 덮밥 7천 7백"
돈바치,100,"가격도 합리적인데 진짜 너무 맛있어요. 
앞으로 돈까스는 여기에서만 먹을것 같아요ㅠㅠ 최고입니다."
돈바치,100,"규동, 미니우동이랑 감자 고로케 먹었는데 고로케는 맛있었는데 미니우동이랑 규동은 좀 싱거웠어요"
짚탄갈비 신사점,80,"가성비 짱입니다
넉넉하고 맛있게 먹을수 있습니다
갓김치도 맛나고요
뼈고기 서비스도 좋고요"
서울동 갤러리아백화점 이스트점,100,"너무 친절하시고 맛있었어요~~
즐거운 경험이었어요~"
서울동 갤러리아백화점 이스트점,100,"왜 이 돈을 내고 이 환경 안좋은 푸드코트에서 이 밥을 먹어야하지? 선택에 대한 후회로 막급했던 식사
여기 사진들 중에 밥그릇크기가 잘보이는 사진이 없는데 매우 조그맣습니다 덮밥을 돈부리 덮밥그릇이 아닌 그냥 보통의 밥그릇ㅎㅎ에 주는 덴 처음 
어떤 사람들이 무슨 국그릇보다 훨씬 작은 종지같아보이는 데 밥을 먹는게 보여서 무슨 밥이길래 종지밥? 이랬는데 그게 여기임
아래 후기에 국사진있는데 지금은 안저렇고 조개 달랑 2개 줍니다 +게다리 그리고 밥그릇크기를 국그릇으로 커버쳐보려고 큰데 주는것 같아보이지만 페이크임
넓이만 커보이고 바닥이 매우 얕은 그릇임 맛은 그냥 정말 보통의 덮밥임 정말 평범 평범 평범
더보기"
서울동 갤러리아백화점 이스트점,100,장어덮밥정식 가성비 너무 좋음. 우동은 정말 별로지만 참치회무침이나 장어덮밥은 맛도 좋고 퀄도 좋고!!
스시기요이,100,맛있다
스시카나,20,"작년 8월,, 남자친구 생일이라서 예약해서 데리고간곳인데요, 남자친구는 오마카세 많이가본 사람이고 저는 경험이 적어서 찾다찾다 여기를 예약했습니다.
제가가본 오마카세런치5만원인곳보다 별로였다 그리고 업장에 날파리가 돌아다닌다 정도로 기억하고 넘어갔는데 몇개월이 지난 후에 남자친구가 여기리뷰에 맛,서비스너무별로였다고 저몰래 글쓴걸 봐버림,,, 정말 별로였나봐요,,, 20만원넘게쓰고 좋은소리못듣는 업장입니다. 
기념일날 여기오시는분들 다른곳가세요,, 욕얻어먹어요.. 아직도 맘아픔
더보기"
스시카나,20,"진짜 메인셰프며 직원이며 서비스 최악중 최악
인테리어 맛 붐위기 서비스 다 최악
스시야 수도 없이 다녀봤지만 이런곳은 최악."
스시카나,20,"첫 기념일 식사로 예약했는 데 식사 시간 3시간 전에 수도가 터져 예약 취소를 해드려야겠다고 연락을 받았습니다. 업장의 불가피한 상황은 어쩔 수 없지만 기념일 당일에 일방적으로 취소 통보를 받아 다른 곳 예약도 어렵고 난감하게 되었네요. 오마카세라는 업장 특성상 소중한 시간을 기대하며 가는 손님들이 많을텐 데 대수롭지 않은 듯 웃으면서 말씀하시는 것이 손님에 대한 매너는 갖춰지지 않은 곳 같다는 인상을 받았습니다.
더보기"
다이닝포레,20,"지난 여름 8월쯤에 방문한거 같네요.
솔직히 말하자면 또 오고싶지는 않습니다.

좋은점. 인테리어 깔끔, 독특한 음식
나쁜점. 파인다이닝이라기엔 조잡함, 서버가 별로임, 엄청 맛잇진 않음

적당한 소음속에서 즐기고 싶었는데 단체손님때문에 2시간을 서로 재대로된 대화조차 못하고 먹기만 했네요... 나는 솔로 출연자가 된 기분이랄까 ㅎㅎ 그리고 서버분 여름은건 알겠는데 몸에 땀냄새가 너무 심하고 싼 가격에 먹는 것도 아닌데 옷 좀 재대로 입은 직원분이 서빙을 해줘야지 많이 별로였습니다. 중간에 나오고 싶었는데 후우...

뭐 다시 갈일은 없겠지만 여기 별점이 너무 과대평가된거 같아서 적습니다.

참고로 음식이 독특하다는 것은 대중적으로 맛있다는 건 아닙니다.
더보기"
스시나미,80,"런치메뉴는 실속있음. (추천)
해물순두부 맛이 이전에 비해 좀 떨어졌네요"
제주달,60,"분위기 괜찮아요~
딱새우 신선하고 손질 잘 해주시구
살이 똑 하고 나오진않지만!
술찜도 나름 맛있어요~"
강남어시장,100,위치도 좋고 주변 직장인들이 오기 좋은 분위기임니당
강남어시장,100,여러명이서 가기 좋아요
강남어시장,100,"너무 저렴한 회 가격

소주 및 맥주 6000원"
우수미회센타,80,다음에 꼭 쫄복회 예약하고 먹어보고 싶은곳 테라스 자리 너무 좋고 쫄복튀김과 회의 조합은 최고
우수미회센타,80,너무 맛있어요
청담이상 강남역점,100,역대급 배짱장사 가지마세요 응대 진짜 빵점
토라레스토랑,100,"맛릿어요, 부타보단 규동이 괜찮에요"
토라레스토랑,100,일식인데도 느끼하지 않고 넘넘 맛있어요 ㅠㅠㅠ 다음에 또 방문하겠습니다 🥰😍😊 최고!! 👍
강남실비횟집,60,점심뷔페  맨날 거의 똑같은 반찬에 된장국
강남실비횟집,60,진짜 맛있고 사장님 엄청 친절하고 굿임다~!!!!!
스테파노 일류초밥,20,"진짜 최악이네요 서비스.. 1명이라 주방장이랑 마주보는 쌀되 옆에서 먹은건 그렇다 치더라도... 아니 음식 먹고있는데 갑자기 혼자 드시면서 엄청 천천히 여유롭게 드시네요? 부담스러워요 이러시는데...ㅋㅋㅋ 기다린거 10분 먹은거 10분 20분간 앉아있지도 못하나요?.. 그래서 더 천천히 먹었어요 
그리고 혼자와서 메뉴판 달라니까 주지도않고 점심특선이시죠? 이러는데 그 때 나갔어야했음..
내가 맛있게 먹고 기분좋아서 다른사람들이랑 올 수도 있는데 응대 진짜 ㅠㅠ... 맛도 그냥 그래요...
더보기"
스테파노 일류초밥,20,최고에요 변치않고 오래 운영해주시면 좋을거같아요 너무나 맛있고 가성비 대박이에요
스테파노 일류초밥,20,"가성비는 좋으나 서비스가 좋지 않습니다
빈테이블들이 있음에도 불구하고 혼자 온 손님은 받지 않겠다고 자리 없다며 거절하는 곳은 처음 봅니다 저한테 짜증까지 내더군요
청담에서 런치세트로 초밥 먹을 수 있는 곳이 얼마 없기도 하고 구성도 괜찮아서 종종 갔었는데 이런 대우 받으니 솔직히 어이가 없어서 다신 가고 싶지 않아졌습니다 수고하세요
더보기"
히바치참치,40,"몇 년 전에 너무 맛있게 먹었던 기억이 있어서
기념일에 VIP코스로 예약하고 갔어요
몇 년간 가격도 매우 많이 올랐고, VIP코스는 처음 먹어봐서 너무 기대를 했나..
참치는 느끼&질기고, 요리는 간이 너무 쎄서 많이 먹지 못했네요
가격 대비 너무 아쉬웠습니다ㅠ
더보기"
히바치참치,40,어떤 부위인지 설명도 없고 블로그에서 보던 구이도 없었고 여러모로 아쉬웠네요 … 맛은 괜찮아요
히바치참치,40,그녀와함께 갈 참치집 ^^
고쿠텐 강남역점,80,"그냥그래요.
엄청 맛있지도 맛없지도 않은 맛
단호박 튀김이 제일 괜찮았습니다."
고쿠텐 강남역점,80,퇴근 후 텐동에 맥주한잔하기 좋은 곳
고쿠텐 강남역점,80,그냥저냥 맛있는 텐동
이자카야찬 논현점,20,남직원분이 입에 음식 씹으면서 응대하시고 먹고있어서 말도 안하고 답답하게 말하심 탕에 들어가는 쑥갓도 같이 다시 끓여서 달라고 했더니 무시하심
이자카야찬 논현점,20,별로
이자카야찬 논현점,20,"맛과 서비스 둘 다 그저 그럼 
실내 자리 앉았는데도 모기가 진짜 많았어요 ㅜㅜ"
대찬횟집,20,락교랑 생강 요청드렸는데 점심 초밥같은 거에 재활용한 거 쓰셨는지 밥알이랑 와사비 묻어져서 나왔어요 절반정도 먹고나서 발견했는데 어이없고 역겨웠네요
스시츠바키,20,고객 응대도 기분 나쁘고... 의자도 불편합니다 맛도 비린 피스가 좀 있었습니다.. 돈 더 내고 다른 업장 가는게 ...
스시츠바키,20,"담백한 st 쉐프님의 성격이 고스란히 담긴 오마카세! 남편과 연애하던 시절부터 바쁜 일 없으면 매달 방문하는, 너무너무 좋아하는 시메사바가 지인짜 맛있는 단골 스시야야입니다 맛있는 음식을 그 자체로 즐길 줄 알고, 답답하지 않은 분위기를 선호하시는 분들께 강추!(셰프님이 먼저 부담스럽게 다가가거나 시끄럽게 깔깔대는 분위기는 아님, 아주 가끔 스무번쯤 고민하시다가 한번쯤 샤이하게 농담을 던져주시는 편안한 분위기가 매력뽀인트)
더보기"
스시츠바키,20,재료들도 너무 신선했고 간도 딱 맞았어요! 구성도 너무 좋아서 배부르게 잘 먹었습니다! 최고입니다👍🏻
마구로다찌,100,5.5 짜리 먹었는데 넘 맛있게 먹고 왔습니다! 재방문 의사 200% 실내 공간이 다찌형태로 협소해서 예약하고 가는 것을 추천드려요
무적의돈까스 을지사거리점,40,어떻게 치즈카츠 달랑 4조각에 11500받을 생각을 하지....고기가 두꺼운 것도 아니고 경양식 카츠보다 얇고 치즈만 많음. 1개 주고 싶은 가성비인데 치즈 상태 아주 좋고 기름 쩐내도 안나서 2점
무적의돈까스 을지사거리점,40,"직접 음식 가지러가야되면 맛이라도 있던가
맛대가리도 없으면서 어데서 본건 있어가지고 10발자국도 안되는거리를 떡하니 놓고 가져가라하네"
무적의돈까스 을지사거리점,40,식당계의 클레멘타인
스시나미키,100,김낙연 셰프님 덕분에 너무 맛있게 먹었습니다 강추!!
스시나미키,100,팀 회식으로 방문했는데 너무 친절하시고 적절히 재밌게 대화하면서 먹었습니다. 앵콜도 흔쾌히 원하는 거 주시고 너무 좋았네요. 다음에 기회되면 또 찾아가겠습니다.
오또상스시,60,점심식사 / 그냥 그럭저럭
오또상스시,60,맛있어요~ 손님들 우동좀 조용히 먹어주세요~ 먹방 찍는줄~
오또상스시,60,가성비 괜찮은 초밥
스시츠루,100,프로블편러 들이 많은데 이만한 가격에 손님신경 안 쓰이게 쉐프님 묵묵히 잘 해 주십니다. 5점 드립니다.
스시츠루,100,여기 좋아해요! 3.5에 이런곳 없습니다 조잡하지않고 깔끔해요
스시츠루,100,불친절! 두번 안가고싶음
잇쇼우,80,"국밥 1만원시대에 돈까스 세트로해서 1만 초반대이니
맛도 괜찮고, 가격도 적당한듯"
스시시미즈,100,어머니와 함께 런치를 먹었습니다. 어머니께서 매우 만족해하셨어요! 감사합니다.
스시시미즈,100,맛있어요
해초록사랑,100,"직원분들 친절하시고 
한국식 횟집의 맛을 즐길 수 있는 집…"
해초록사랑,100,"프리미엄급 한정식에 뒤지지않는 가격대비 맛.
다만 홀서빙은 대단히 불쾌한 수준.
회를 초장에 먹고싶다는 부탁에
줘도 안먹을꺼니 잘 생각하고 시켜라 라는
훈계조의 말투와 고객의 편의 보다
서빙의 편의가 우선된 고압적인 태도.
심각하게 걱정되는 위생상태.

맛이 없는 가게는 필요에 의해 갈수 있지만
태도가 불량한 가게는 무슨일이 있어도 재방문하지 않습니다.
더보기"
우랑 청담점,20,"가격은 이렇게 받으면서
홀에 덩치있는 직원분
사장인가요??
주문을 하니까 자기는 홀 직원이 아니니 자기한테 말하지 말라는 말. 듣도보도 못한 말이네요
추천못하고 다시는 가지 않을 분위기
나머지 직원들은 다 좋았어요
더보기"
우랑 청담점,20,"꽃살구이×우랑나베 A세트 & 덴뿌라모듬 주문💖
구이는 살살 녹고 나베는 직원분이 먹기 좋게
손질 다 해주시는데 술이 술술들어가는 시원한 맛><
덴뿌라도 장어에 관자, 새우, 단호박에 버섯까지
야무진 구성JMT
더보기"
우랑 청담점,20,대존맛입니다 ㅠㅠ 청담동 최고 맛집 사장님 넘 친절하세요
스시류,100,맛있어욬ㅋㅋㅋ녹진한 맛 좋아하는 저에겐 딱이었어요ㅋㅋㅋ 담엔 저녁에 갈게요!!
스시류,100,장어 요리 나왓는데 존맛이에요
스시류,100,"대치동의 숨겨진 하이엔드급 스시 오마카세.
가격은 미들급이나 다른 미들급 스시와는 퀄리티가 다릅니다.

일반적인 미들급 스시의 경우 나오는 코스가 2~4개를 제외하고는 거의 동일한 구성으로 나오는데, 여기 같은 경우는 다른 오마카세에서는 맛볼 수 없는 다양한 바리에이션을 경험 할 수 있어서 좋습니다.

다만 위치때문에 잘 알려져 있지는 않은 것 같습니다.
더보기"
분틀 선릉점,80,"의외로 소고기국밥 맛집이에요 ㅋㅋㅋㅋ
고기도 많고 국물도 가볍고 깔끔"
분틀 선릉점,80,먼저 매장이 넓어서 웨이팅이 적어서 좋았어요. 동료분들이랑 물 비빔 들기름 하나씩 먹었는데 저희들은 비빔이 제일 맛있었어요 ㅎㅎ 다른 곳보다 면이 맛있는 듯 해요
스시우찌 압구정직영점,60,"우찌랑 특선은 새우랑 소라정도 차이에요~
저의 스시 기준은 회가 밥으로 한바퀴 돌려지냐인데
정직한 반정도라 아쉽네요. 그래도 싱싱하고 맛있어요!
스시 세트에 우동 같이나와요!"
나미나미,100,음식도 맛있고 직원들도 친절한 곳이에요!!!
나미나미,100,"진짜.. 알바생인지뭔지 약간통통한사람
싸가지없는거 끝판왕..
저 이런거 잘 안쓰는데..
진짜 싸가지없어요
비싼돈 쓰시면서 대우받으시길
더보기"
나미나미,100,음식도 너무 맛있고 가성비도 좋고 직원분들도 너무 친절하셨어요 자주 가고싶은 집이네요 ^^
네기다이닝라운지,40,가격 대비 재료를 아낀 서비스 퀄리티 미흡 킥이 없지만 신선한 재료
네기다이닝라운지,40,"자주가던 이자카야들이 연말이라 다 만석이라 예전 네기를 생각하고 찾아갔습니다. 네기 다이닝은 더 프리미엄라인으로 만든 식당으로 생각하고 기대했는데…
가격만 비싸고 맛없습니다. 아니 맛없는건 아닌데 가격대비 맛이 너무 가볍습니다… 특색없고 가격만 비싼…그리고 너무 시끄러웠습니다
아쉽네요…
더보기"
긴자카레,100,"전체적으로 달달한 맛이 납니다.
분위기도 좋고 일본에서 먹는 커리맛이 나서 좋았습니다."
긴자카레,100,"기대를 너무 많이 하고 갔나 봐요ㅎㅎ..
카레만 보면 조금 비싸다고 느껴지긴 해요"
긴자카레,100,맛만있는데 밑에 사람들 왜이럼
최우영식당 삼성점,60,회사근처라 점심먹으러가는데 나쁘지않아요 강남에서 이 가격에 초밥먹기 쉽지않은데 good
최우영식당 삼성점,60,"항상 포장해서 먹는 최고의 맛집 ㅎㅎ
사장님, 번창하세요
물회 광어초밥"
은곡초밥,60,"초밥이 밥은 맛이 없고 살은 푸석합니다..
초밥집이라고 하기에는 맛을 좀 더 보완해야할 것 같네요."
은곡초밥,60,"15000원 짜리  회덮밥을 먹었는데 그냥  무난했다
아직은 생긴지 얼마 안되서 그런지 밑반찬이
허술했다 김치와 무우조림  딱 두가지~
반찬 두가지 주는 음식점은  첨이라..."
카메스시,100,이 가격에 이 퀄의 오마카세는 불가능합니다. 무료봉사 하시는너낌. 감사드리고 벌써 편한 지인들이랑 여러번 갔네요. 번창하십쇼.
카메스시,100,"오마카세 점심 코스 5만원인데 정말 잘 먹었어요.
코스도 잘 나오고 스시와 다른 요리 맛도 정말 좋아요. 조용히 가성비 좋은 오마카세를 즐기고 싶으면 추천드립니다."
막끌리네,80,"음식. 최악.   쓰레기 먹고. 나온느낌. 
다시다 범벅.  집에사 라면 드세요."
스시기요세,100,맛있고 친절해요 베리굳.
스시기요세,100,"☆런치 스시오마카세➡️140,000원
🍶하나아비 준마이다이긴죠 프리미엄 오리가라미생
☆콜키지➡️50,000원


오늘 소개할곳은 서울 강남구 압구정에 위치한스시오마카세전문점[스시기요세]입니다.

✡️바다장어치어➡️국수면처럼 호로록 쫄깃 새콤짭짤한 폰즈소스

✡️참치➡️참치속살의 기름짐과 낫또의 쿰쿰함 그리고 김의 고소한짠맛 속에 오이의아삭함이 느껴져서 좋았음.

✡️전복술찜➡️따스하고 부드럽고 쫀득하며 게우소스는 짭짤하고 맛있음.

✡️참돔사시미➡️겉은 쫀득하고 찰지며 속은 숙성이된 식감이나며 참돔유비끼를 말아서 쫀득하고 파의식감과더해지니 별미입니다.

✡️대게살➡️대게의 풍미 우니의 향 그리고 새콤짭짤한 토사쥬레 소스조합

✡️무늬오징어➡️네타는 시소향이 나고 녹진함이 진한편은 아니고 샤리는 씹을때마다 느껴지는 쌀향과 단맛이 굿.

✡️참돔➡️와사비 폭탄으로  코빵터짐
네타는 차갑게 느껴지고 샤리는 쌀향이 좋았음

✡️가리비관자➡️서걱함보다 싱싱한 느낌이 더 느껴지고 와사비 코뻥임

✡️시마아지➡️네타는 기름지고 끝은 약간의 비릿함이 나며 샤리는 단맛과 짠맛이 느껴짐

🍶하나아비 준마이다이긴죠 프리미엄 오리가라미생➡️이번년도에 새롭게 생겨난 준마이 다이긴죠로 미야마니시키쌀을 40%정미한 하나아비 오리가라미 생주입니다.

파인애플, 망고, 복숭아, 멜론의 향이 나고 진하고 은은한 신맛과 단맛이 나며 생주 특유의 톡톡 튀는 맛이 인상적인 니혼슈.

✡️아까미➡️네타는 부드럽고 짭짤하며 와사비양이 많아 매움 샤리는 쌀의 묵은향과 단맛좋음

✡️참치뱃살 스시➡️네타가 큰편이아니라 기름진쥬시함이 크게 와닿는건 아닌데 기름진 단맛과 고소함 쌀의 풍미가 잘어우러짐

✡️우니+금태밥➡️우니 물에빠진 금태라고할정도로 우니를 많이 주어서 좋습니다.

✡️청어스시➡️식감도 좋고 기름진 감칠맛이나고 비린감이 없어 좋았으며 샤리는짠맛이 올라오고 쌀단맛이 끝에남

✡️복어튀김+두릅튀김➡️두릅튀김은 바삭하고 깔끔하며 복어튀김은 촉촉함과 바삭함이 느껴져 맛있었습니다.

✡️전어➡️10일 숙성한 전어를 서비스안주로 주셨는데 멸치맛과 향이 나면서도 기름진 담백함이 느껴짐 

✡️단새우 스시➡️내장가루를 뿌린 단새우는 녹진하고 톡톡터지는 새우의 단맛과 쌀의 단맛이 어우러져 좋았음.

✡️전갱이 스시➡️네타는 기름지고 부드럽게 녹아내리며 샤리는 단맛과 짠맛이 은은하게 느껴짐

✡️전어 스시➡️멸치맛이 나면서 담백하고 기름짐도 있고 새콤함도 느껴져 술안주로 최고입니다.

✡️고등어 스시➡️비린맛없고 기름지고 샤리는 굴림좋고 씹을수록 짭짭함이 느껴지고 새콤함

✡️아나고➡️풍미가 좋고 깔끔담백함 

✡️우동➡️가느다란 면은 탄력적이며 국물은 든든하고 해장이됨

✡️디저트+교쿠➡️아이스크림과 교쿠 그리고 가지튀김을 서비스로 주셨음

=====================================
♧주소:서울 강남구 압구정로46길 73 2층
♧연락처:02-511-2585
♧영업시간:12:00~22:00
♧주차시설:발렛주차가능 
※매주 일요일은 휴무
※콜키지(와인,사케50,000원),(위스키:100,000원)레드와인,매그넘 반입불가
※브레이크타임 15:00~18:00
※런치:140,000원,디너250,000원
※셰프님 접객은 조용하면서도 신경을 많이 써주시는 편이었어요.
※런치 방문에 니혼슈 한병 콜키지를 했는데 안주거리를 계속 주셔서 좋았음
※초반 스시 몇가지중 와사비 코뻥이 있었지만 시간이 지날수록 좋아짐
※런치때 앵콜스시를 아낌없이 퍼주는 모습이 인상적이었으며 안정적인 스시야
※초가 강한편은 아니었으며 훅이 없다는것이 단점이 될수도 있음
※네이버 블로그 리뷰 평 대부분 좋으며 캐치테이블 평도 대부분좋음(안좋은 평은 접객의 미흡함,안정적이지만 무난함)

총평가:《서울 강남 압구정에 위치한 스시기요세는 예전부터 한번 가보고 싶은 업장이었습니다.

가게 내부는 다찌테이블과 룸으로 나누어져있으며 연륜이 있는 셰프님이 손님을 반겨주는 곳입니다.》

인스타그램:love747812 
네이버인플루언서:@아콩이맛집여행
더보기"
스시기요세,100,적당히 무난함. 내 입맛엔 밸런스가 맞아서 좋은데 런치 11일때 보다 네타가 조금 아쉬워진 느낌
츄라우미 역삼본점,20,"맛없고 비쌈
 비추"
츄라우미 역삼본점,20,가격은 좀 비쌌지만 분위기도 너무 좋고 음식도 맛있었어요!!!
츄라우미 역삼본점,20,"친절하시구 음식도 다 맛있었어요~!
특히 토마토해산물나베 정말 맛있게 먹었어요 ㅎㅎ"
두사라,100,쵝오
두사라,100,"맛 중상
먹을만 하지만 이 가격이면 더 나은 구성의 식당이 많다.
친절하려고하지만 시스템이 없는게 느껴짐.
아무런 음식설명 없이하는 서빙, 영하 10도 육박하는데 편의를 위해서인지 열어두는 뒷문. 시장같은 분위기.
더보기"
진수사,20,회덮밥4만원 점심식사
진수사,20,점심식사(정식) 만족합니다.
동해횟집,20,"한 명은 받지 않는 식당입니다.. 점심시간에 20분이나 기다렸는데 시간을 낭비했네요. 이전에 방문했을 때 지하에 위치해서 냄새 환기 잘 안되고, 청소가 잘 안되는지 식탁 등이 찐득찐득 했습니다."
동해횟집,20,"얼마전에 참치회도 추가 하셨네요^^
점심으로 참치회덮밥 시켜봤는데 역시 맛있습니다!
저녁에 참치회 먹으러 와봐야겠어요 ㅎㅎ"
몽글몽글카레,100,맛있고 분위기도 좋아요. 일본식 카레 맛집
몽글몽글카레,100,"그... 가게에 머리끈도 준비해놓고 서비스개선을 위해서 노력하시는건 알겠는데 그게문제가 아니고
양이 문제에요 양이랑 고기 퀄리티요
2만원가까이주고 비프카레를 사먹는데 고기가 질이 진짜별로에요 자잘자잘 썰려있는것도 별로고 거의 
남은고기 잘게썰어서 준건줄알았어요
메뉴판사진이랑 실물이랑너무다르고
기본양도 너무적어요
더보기"
맑은바닷가,60,모둠회 중 자. 회 맛있음. 민물새우탕은 그냥 그럼. 깔끔하게 술 한 잔 하기 좋은 곳.
맑은바닷가,60,싱싱한 횟감에 친절한 사장님^^
맑은바닷가,60,"점심시간에 가서 차 어디에 주차하냐 물었더니 발렛주차 있다고해서 찾았더니 없어서~~
없다고 다시 말했더니 주인인지 뭔지가 나오더니만 말도 안하고 들어가더라구~~
그래서 들어가서 물었더니 그제서야 발렛이 곧 나올거라고~~(짜증 짜증)
알탕은 몇시간 전에 끓였는지 짜도짜도 엄청 짠 음식을 ~~~
불친절에 맛도 형편없는 곳
비싼 세트 음식 주문했더니만 그제서야 손님 사람 대접 
별0개 없어 한이되는 곳
더보기"
참치명가,20,"주문 : 등심돈가스(점심특선)
수제돈가스 아닌 ...고기두께는 흠....석고보드 두께의 냉동돈가스 맛"
참치명가,20,정말 맛있게 먹었어요. 참치만 맛있는게 아니라 모두 다 맛있었어요!
참치명가,20,항상 잘 먹고 갑니다.
김셰프의도시어부,60,"저녁 8시30분 손님이 식사도 안끝났는데 마감해야 한다고 결제 받고,
그시간에 쉐프도 퇴근하고,
주인도 퇴근하고,
중국인 여종업원이 한국말도 잘 못하고,
계산도 잘못해 놓고 마감해서 카드 취소가 않된다고 하고,
엉망진창인 업장 입니다..
더보기"
김셰프의도시어부,60,가족이랑 먹었는데 다같이 배탈났읍니다
토노야,100,왈왈왈웡ㄹ웡ㄹ눨월월!!!!!!!
토노야,100,분위기 좋고 안주도 맛있어요. 자그마한 이자카야인데 날 좋을땐 야장 테이블도 깔리고 사장님이 술도 안주도 엄청 신경써서 준비하십니다.
엄마정원,20,"와~~~ 이집 정말 기가막힙니다. 극한체험 경험하시려면 샤브샤브 드셔보세요...세상에~~
말이 안나옵니다"
엄마정원,20,내부 청소랑 위생에 신경좀쓰셨으면..
미스터지브라,100,"우연히 걷다 들린 곳.  와인에 이쁜 안주에 영화음악과 뮤직비디오. 감성 충만 이쁜 인테리어에 힐링.
사장님도 좋으시고. 담에 또 가야지"
선유도,100,"어찌 전북 군산에서 강남으로 뛰었다요?
고군산군도 선유도가 이곳으로 이사 왔나했구만 ㅋ"
해담일식,20,"올만에 맛집검색 해담일식을 다시보니 옛생각이...
음식은 작원분친절하고 맛도 괜찬다생각하다가
대게s코스 2인시키고  맛나게 먹고 계산하는데 
소주랑 청하를 마셧는데 술값만 20만원이 넘었던 기억이
더시올라와  킹받네여 소주값이 7만인가 3만인가 말도안되는가격이였는데 다시는 방문생각없습니다 
직원왈 소주가격 확인하셧어야져!!!!!
더보기"
해담일식,20,물가가 많이 오름이 느껴지는 식사였어요 ㅜ
해담일식,20,5만원 짜리 점심 정식 가성비 너무 떨어짐. 조림과 탕은 간이 안 맞음.
봉추찜닭 수서역점,100,그냥저냥 맛있음
도쿄등심 압구정점,80,맛도리👍🏻👍🏻👍🏻👍🏻👍🏻
도쿄등심 압구정점,80,"너무친절하고 분위기좋은
식사였습니다~~!"
스시소라 대치점,100,"처음가본 오마카세 집이었어요
친절하세요"
스시소라 대치점,100,"여자셰프님짱! 
생일이라고 이렇게 귀여운 서비스도 주셨어요 ㅎㅎ 감사히 잘 먹었습니당"
스시소라 대치점,100,"맛있고 친절하고 가성비 좋은 건 사실인데
너무 짜요... 아버님 모시고 갔는데 실패ㅠ"
천사의섬,80,이 집 회덮밥만 한 10번 먹은것 같아요… 오늘 또 먹으러갈거에요…
천사의섬,80,"9.19 점심기준
회덥밥 4.0
다른메뉴 시도예정
1.12 점심기준
고등어 4.5
더보기"
천사의섬,80,알탕 국물시원하고 알도많습니다!!
더 간사이,100,"오뎅탕 진성 맛집,, 소주주세요!"
더 간사이,100,명란이 맛나요
더 간사이,100,역삼에서 도미 잘하는 곳 드디어 찾았네요
샤블리,80,맛있고 서비스도 좋은데 내부 분위기가 아쉬워요ㅠㅠ 그래도 음식은 아주 굿..!!!
샤블리,80,여기를 지금 알아서 너무 아쉬워요. 직원분들 친절하시고 건강한 음식을 배부르게 먹을 수 있어서 좋았어요.
샤블리,80,남자친구랑 샤브샤브랑 월남쌈 먹었는데 야채도 신선하고 직원분들도 친절하셔서 좋았어요~~ 데이트 코스로 좋은거 같아요!!
칸나닭집,100,"분위기 끝내주고, 닭갈비도 너무 맛있어요.^^"
칸나닭집,100,"소자세트
야채추가
닭껍질👍"
사조회참치 삼성점,100,너무 맛있게 잘 먹었습니다
사조회참치 삼성점,100,푸짐한 식사만이 아니라 맛깔나는 반찬도 이곳의 장점이에요
사조회참치 삼성점,100,참치가 부드럽게 넘김도 좋고 아주 좋았어요~~~ 양이 되게 많아요. 중요한 자리에도 괜찮아요 룸도 잘 되어 있고 추천합니다
유진양꼬치,100,음식들 다 적당히 맛잇음
유진양꼬치,100,"양꼬치 별로, 바지락볶음 괜찮, 볶음밥 종류 괜찮!
전체적으로 괜찮은데 양꼬치가 그냥 그랬어요"
압구정순대국,100,"청담동근처 순대국집은 모두가봤는데 이곳이 맛있고 고기도 큼직하게 썰어서 아끼지않고 넣어주시고 가계분의기도 깨끗해서 너무 좋습니다.
강력 추천합니다. 
일주일에 3~4번 가서 먹는거 같아요. ~~~^^"
압구정순대국,100,"압구정에서 만원도 안되는 식사로 순대국 한끼 잘 먹었습니다
석박지(깍두기)가 무척 맛있어요!"
압구정순대국,100,밑에 형들 별점보고 고민하다가 가봤는데 친절하시고 깨끗합니다~
스시사카우,100,너무 좋았어요 입문용 스시로 추천받아 갔는데 대만족이었습니다 매일매일 가고싶어요
스시사카우,100,가성비와 맛을 모두 잡았네요!
스시사카우,100,"정말 친절하심..
가까웠으면 자주갔을듯
스시도 디저트도 꿀맛"
동해수산,20,가성비가 너무 미쳤어요. 술이 아니라 식사하러 가시는 거면 비추입니다. 모둠회 소 3만원짜리 혼자서 다 먹을 수 있음
동해수산,20,"음식은 쏘쏘하나 
직원들 분친절...
손님도 한테이블밖에 없는데
직원둘은 수다떠느랴
불러도 모름.
너무 불쾌함..
더보기"
동해수산,20,"절대 가지 말아야할  식당 

별 하나주기도 아까운 곳
허접한 계린찜 9천원받는곳
사기당한 느낌이 드는식당

계산하고  분한 느낌이 이틀동안듬
더보기"
유메수산,100,물회에 밥까지 나왔고 친절하게 대해주셔서 좋았습니다.
딸부자네불백 역삼점,20,맛보통. 청결하지않음. 사장이 불친절하며 건방집니다. 본점에서 가족에게 내준 지점이 아니면 해당지점 변경 및 철수 심각하게 고려해보세요. 사장만 바뀌어도 매출 두배될겁니다.
딸부자네불백 역삼점,20,맛은 그럭저럭 괜찮고 깔끔하고 친절한 편이지만 가격이 완전 창렬함. 일반이 만원 곱배기가 만2천원인데 곱배기 시켜도 성인 남성 기준으로는 어림도 없음. 만2천원으로 차라리 다른데 가서 배터지게 드시오.
딸부자네불백 역삼점,20,주인아주머니가 엄청 친절하신데..가격이ㅠ
카츠젠 선릉점,20,튀김옷은 덩어리져 있고 오래사용한 기름인지 어두운 톤...여기에 생 안심이라고 주문했지만 먹기에.거북할 정도로 냄새나고 냉동한 것 같습니다.  이대로 일어날까 망설여 지네요
카츠젠 선릉점,20,점심으로 쏘쏘 맛없지 않음
카츠젠 선릉점,20,"혼밥하기 너무좋고 주문하면 되게빨리나오네요
메밀국수가 자극적이지 않은 편입니당
돈까스는 잡내없이 다짐육이아닌 결이 느껴져요
특히 돈까스소스가 진해서 부족한 느낌없어서 너무좋았어요
알밥이 정말맛있습니다.... 최고👍
🥰❤️🥰❤️🥰❤️🥰❤️🥰❤️🥰❤️🥰❤️🥰❤️🥰❤️
더보기"
스시오사카,100,스시 상태도 훌륭하고 같이 나오는 우동도 진짜 진해요. 가성비 맛 모두 잡는 집
스시오사카,100,"초밥 외 회덮밥, 알밥도 맛있어요. 연어초밥시키면 같은부위로만 나오니 주의. 점심특선 잘 먹고 있어요."
켄카,100,"가로수길 터줏대감 켄카  
항상 변함없이 있어주세요
나만륽었네"
켄카,100,"장사가 잘되려면 맛은  기본
온도,분위기,서비스,음악등 잘 어우러진 장소"
켄카,100,"주문이 누락되어 술만 시켜놓고 계속 기다렸어요. 누구나 실수는 할 수 있고 저도 알바해봤으니 이해한다고 말씀까지 드렸는데 발뺌하시고 주문 확인 했다고 거짓말하시고.. 기억 안나면 안난다고 말씀하시지 사람 모함하는것처럼 계속 거짓말 하셔서 결국 둘이 십만원 넘게 써놓고 너무 기분 상해서 나왔습니다. 
기분좋게 가로수길 외출 나왔다가 찝찝하게 돌아가네요  추천하지않습니다. 다른곳 가세요.
더보기"
타누키돈부리 역삼점,60,"점심시간 식사 나오는데 40분걸림 ㄹㅈㄷ
그렇다고 맛이있냐? 하면 그것도아님"
타누키돈부리 역삼점,60,"돈까스 맛있어요!
그리고 사장님이 친절해요"
오징어풍경,60,오징어불고기 점심으로 먹었는데 리뷰보다 나쁘진 않았어유. 사장님은 매우 친절하셨고 맛은 없진않고 평범 했어요
오징어풍경,60,"맛도 별로고 서비스는 더 별로인데 위치선정이 정말 기가막혀서 
선릉 1번 출구 먹자 상권, 정말 많은 음식점들이 바뀌고 갈려나가는데도 꿋꿋이 버티는 신기한 곳"
오징어풍경,60,소주 및 맥주 5000원
호아빈 삼성점,80,"볶음밥에 국물을 같이 줘서 좋네요.
간이 좀 센 편"
호아빈 삼성점,80,"처음 들어가서 안내받은 대로 qr코드 찍고 있던 중에 대기명단 이름 적으라 해서 뒤를 봤더니 이미 한참 뒤에 들어와서 qr코드 찍으려고 기다리던 사람들이 대기판에 글을 적고 있었어요. 저희 먼저 와서 대기중이던 거 충분히 인지하던 상태에서 다음부터는 대기명단 써달라며 귀찮아하며 비꼬는 듯한 언행을 하는 남자직원을 굳이 써야할까요^^;

사이드메뉴도 주문 했는데 주문이 안들어가서 계속 기다리게 하고 메뉴판도 툭 던지면서 주문하든지 말든지라는 태도를 가진 남자직원이 참… ㅎㅎ 위 사람과 같은 분..

뭐 그래도 음식맛 자체는 괜찮아서 먹고 나왔는데 
계산 후 카드를 건네줄 때 팁이라도 주는 양 검지와 중지 사이에 카드를 껴서 전해주는 건 배우지 못한 것이라 여기고 굳이 짚고 넘어가진 않을게요. 그 정도는 이해해드려야죠 바쁘신데. ^^

아무튼 바쁘신 거야 매장 상황 봐서 충분히 알고 있지만, 그럼에도 도가 지나치는 친절함과 서비스 정신에 혀를 내두르게 됩니다. :) 번창하세요 부디!
더보기"
허가참치 논현본점,20,"4만원짜리 A코스가 이춘복 참치 28천원 정도 퀄리티임. 플러스 밑반찬은 참치아가미, 통감자구이, 샐러드만 나옴. 참치는 제대로 해동도 안되서 딱딱하고 차가움. 인터넷에 검색해서 다른 참치집을 찾아가는 것을 추천."
와라야끼 쿠이신보,80,"불쑈를 눈 앞에서! 
볏짚 향을 가득히 품은 타다끼와 술한모금이면 그 날이 내 생일"
와라야끼 쿠이신보,80,"쓰레기같은곳. 참치타다끼 비싸고 맛없고 나베도 쓰레기맛 남. 타다끼 한점, 나베 국물 한번 떠먹고 바로 나옴"
다온정,100,괜찮았습니다
다온정,100,"49,000원 정든님 코스로 했는데 음식맛과 양은 무난했습니다. 

그런데 보리굴비가 적은거 아닌가 싶어요. 테이블에 4명, 2명, 3명이 앉았는데 테이블당 1마리씩 나왔어요.(3인당 1마리꼴)

크기가 비슷해서 제대로 나온게 맞냐고 하니 맞다고 하시는데..
더보기"
아라도,20,가격 경쟁력이 현저히 떨어짐. 이가격에 이정도 퀄리티면 다른 곳 가세요.
아라도,20,26년살면서 처음으로 3만5천원에 골뱅이를 처음먹어본곳.친절하시고 나쁘지않은맛..2만원이였으면 좋을 맛과 양
아라도,20,2차하기 좋은 곳. 강추요 ^~^
본가 신사점,60,주인이 엄청 불친절함.
본가 신사점,60,그냥그러네요 못먹을만한 수준은 아니에요 주차할때 없어서 먹고갑ㄴ다
우제홍참치,60,푸짐하게 리필되는 참치집
영덕물회,20,"인생 최악의 물회
점심 세꼬시물회  시켰는데 회에 수분은 하나도 없고
냄새도 나고...명태절임인줄
어제 저녁 팔다 남은거 재활용한건지...
정말 최악입니다
더보기"
영덕물회,20,선릉역 JMT맛집!!숨겨진 찐맛집 가성비좋고 사장님 친절해요!!
영덕물회,20,찐맛집 입니다! 친구들하고 기대없이 들어갔다가 물회에 회덮밥에 게장덮밥에 든든하게 맛있게 먹고왔네요 b최고!!
쇼린,40,기본안주로 나오는 치즈가 넘 맛있음...
쇼린,40,"알바생들 애기고 귀엽 
우니 마싯눈데 양이 ㅈㄴ 적어요 ㅋㅋ"
대박일본식돈까스,60,돈까스가 넘 딱딱하고 고기가 별로였어요. 정식에 같이 나온 냉모밀은 괜찮았습니다.
대박일본식돈까스,60,냉모밀 탱탱 쫄깃 윤기 좋습니다. 돈까스도 나쁘지 않음.
미토우,20,시끄러운 사람 제제도 안함 맛은 있었지만 재방문의사는 없습니다
미토우,20,내 사랑 미토우. 맨날 가고 싶다
미토우,20,"음식 정말 맛있고 친절하고 좋아요. 
굳이 단점을 꼽으라면 다른 예약자 손님들과 모든 식사 순서가 같이 진행됩니다. 자기 페이스에 맞춰 먹을 수 없다는게 단점이라면 단점입니다."
명동칼국수,100,매번 포장해서 먹는데 다들 친절하시고 메뉴도 모두 맛있어요!! 특히 콩국수 콩이 미친거같아요 엄청 진해요
명동칼국수,100,맛있네요. 이 가게는 굴이 특징인 듯. 다음번에는 굴메뉴를..😊
명동칼국수,100,사모님 잘먹었습니다
오스테리아수,100,"음식이 조금 느리게 나오지만, 맛 퀄리티와 디저트까지 고려하면 아주 좋습니다"
오스테리아수,100,와인에 대한 조예가 깊은건 좋으나 손님을 무시하는 듯 한 태도에 기분이 나빠지는 가게. 돈은 내가 지불하는데 왜 내가 훈계를 들어야하는지 모르겠음. 음식은 그럭저럭 먹을만 하나 가격에 비해 양은 그저 그렇고 무엇보다 주인장의 태도에 매우 기분 나빳음
오스테리아수,100,"맛도 좋고, 사장님이 와인에 대한 조예도 깊고, 데이트하기 딱 좋아보여요."
딸부자네불백 가로수길점,80,그 동네 물가 생각하면 싸고 맛있어요.
딸부자네불백 가로수길점,80,테러 머지
딸부자네불백 가로수길점,80,중국인이 하는곳
미야기,80,굿~
미야기,80,무난함
쿠시카와,60,다먹어도 배가 고파요 ㅠㅠ
쿠시카와,60,"점심 식사했습니다.부족함 없는 서비스와 맛이었어요. 안경쓴 남자쉐프님 인사성도 바르고 잘 들을수있게 또박또박 설명해 주시고 참 친절하셨어요.
앉자마자 주시는 뜨끈한 차는 구수하고 좋았습니다. 다만 주류페어링 메뉴에 대해 따로 보여주시거나 설명해주시지 않아 구지 주문안했습니다. 오마카세 처럼 개개인의 템포에 맞게 식사준비해주셔서 늦게오는 다른 사람을 기다리는일없이 바로바로 식사할수있었습니다.
첫번째로 은행 튀김이 나왔는데 주시기 전에 튀김을 돌려 기름을 흩뿌리는퍼포먼스 참 멋지게 보였습니다 은행튀김 독특했는데요 얇은 튀김옷에 톡 퍼지는 은행이 맛있었구 중간 중간  양배추와 생당근,생고구마, 토마토를 우매보시 소스,쌈된장 같은소스에 찍어먹으라 하셨는데  개인적으로 쌈된장같은 소스가 너무 좋았어요 재료 본연의 단맛과짭짤하니 콩의 달달함이 느껴지는 쌈된장 소스랑 너무 잘어울리고 입가심하기도 좋았습니다
두번째로 전복 튀김이 나왔습니다. 전복 질긴게 전혀없고 부드러운게 한입 베어물면 그대로분리됩니다
세번째로 연근 튀김은 무난하게 맛있었어요
네번째로 오이에 감싸진 토마토 튀김은 독특했으나 제일 창의적이면서 별로였어요 
다섯번째로 치킨가라가게는 맛없을수가없었습니다 육질이 기억에남고 매콤한소스가 좋았어요
여섯번째로 표고버섯 튀김 무난하니 맛있었습니다
일곱번째 돼지고기 안심 튀김평범하니 좋았습니다
식사로 카레를 주문했는데 밥이 말라있어서 참 아쉬웠어요 카레 맛있었고 양파튀김도 좋았네요
마지막으로 녹차아이스크림은 하겐다즈 아이스크림맛나고 좋았습니다 결제후 업장을 나설때도 입구까지 배웅해주셔서 좋았습니다. 그다음 방문에는 사랑하는사람과 함께 오고싶네요 맛있게 잘먹고갑니다
더보기"
쿠시카와,60,"일단 맛있고 술 땡기고 재방문 의사 많음. 오마카세 스타일 좋아하고 튀김도 좋아한다면 강추.  튀김은 신발을 튀겨도 맛있다의 고급 버전으로 평소 못먹는 음식도 튀겨서 먹을 수 있게 해줌. 와인과 사케가 많고 화요41과 25, 일품진로 ,하이네켄 생맥주 있음. 다음번엔 차 없이 가서 1튀김 1생맥 조진다!! - 먹는 사진 별루 안찍어서 다먹어 갈 때 후기 남기려고 찍은게 아란치니와 후식 아이스크림 뿐...
더보기"
포쿠치나,100,국물을 따로 챙겨가고 싶을만큼 너무 맛있어요!
포쿠치나,100,이동내6년살면서 넘늦게알아버린 맛집 …하나씩 다먹어봐야게따
포쿠치나,100,"맛도 보기전에 일행오기전까지는 주문도 안되고 대기 있으면 자리 빼라네요. ㅡㅡ 7분뒤에 도착한다고 하는데도... 이해는 가지만 기분은 더럽네요. 일행들하고 다른데 가기로 하고 나왔어요..별한개도 아까움
맛있다는데 맛으로만 식당찾나요.. 자리도 텅텅비었는데 먼저  저런말이나 하고... 얼마나 갈지 모르겠지만 얼마나 잘되나 봅시다.
더보기"
신신양꼬치,100,"맛은 물론이고 사장님이 굉장히 친절하십니다
양꼬치는 인생에서 먹은 꼬치중 1위라고 당당히 추천할 수 있음"
신신양꼬치,100,"전에 근처에 갔던데가 있었는데 진짜 불친절에 서비스 개판이어서 다시는 안가게 됐죠. 그러다 검색해서 후기들 보고 반신반의하고 신신갔습니다. 진심 선택 잘했다 생각합니다. 맛은 당연하고 인간적으로 여사장님 너무 친절하시고 좋아요.  같이 간 일행중 한명이 바싹 구워 먹는거 좋아해서 웃으셨던..기억 나실거에요. 암튼 양꼬치는 생각나면 이곳으로 무조건 갑니다. 바지락이 신의 한수였음! 가격은 저렴한 편은 아니지만 서비스를 제대로 주시니 이 또한 무마됨. -백두산-
더보기"
신신양꼬치,100,양꼬치 숯도 아낌없이 주시고 너무 만족하고 갑니다. 사장님외 직원분들이 너무 친절하십니다. 서비스도 받고 최근 방문한 양꼬치중 최고에요. 강남구청역 근처 양꼬치는 다음에도 여기 갈거같아요. 양꼬치랑 바지락 먹었는데 양꼬치는 매우 고급지고 바지락은 본토 맛 그대로 였습니다
스시선수,20,"28만원 디너에 고등어, 청어만 가득. 사케 100만원 어치 먹었는데도 식사 마무리에 부족한 스시 없냐 물어보지도 않는 특이한 곳(물론 더먹을 생각도 없었음) 맛이 이렇게 보통인데..가격 무엇?! 가성비 최악"
스시선수,20,너무짱맛
마초야,100,그닥...
에도주가,100,일단 퀄리티가 높음! 여자들이 좋아하는 부분을 사장님이 좀 잘 캐치하는거 같음!! 벌써 5번째 방문중ㅋㅋㅋㅋㅋ
에도주가,100,"별점 하나라도 줄수있는게 속상하다

왜냐고 하시는분은 직접 가서 음식 드셔보세요

음식에서 머리카락 나와서 다시 해서 주긴 했는데 사과 한마디 없었고요

미소라멘, 소고기 숙주 굴소스 볶음? 그거 먹었는데 둘다 진짜 심각하게 맛없었어요

돈아까워서 꾸역꾸역 먹었는데 반정도 먹고 나왔습니다
더보기"
에도주가,100,좀 별루네요 음식 재료도 별루고 불친철해요 비추합니다
쇼쿠도카이,20,정신없고... 양적고 오마카세가 맞는지 모르겠는 곳...
쇼쿠도카이,20,"일식에 대한 이해가 많이 부족해 보이세요
스키야키도 가짜 
테마키는 일식이라고 할수가 없었고
메뉴 추천도 버벅거리고 
간장도 싸구려
메뉴도 뭐 다 안된다고 붙어있고
먹을수 있는 메뉴가 몇가지가 안되더군요
튀김하나 나오는데 두시간 
말씀드리니까 바빠서 그러셨다니 이게 핑계가 되나?
사람 그렇게 많은데 요리 포함 서버 3명이니
당연히 서비스가 형편없고 늦죠
요즘 잘하는 이자카야 많아요
더보기"
현우동,20,"친절하나 맛없음 비쌈 
튀김은 짬 
면발이 특이한건 알겠으나 다 남김
주말기준 오픈전에 10팀 웨이팅.."
현우동,20,먹어본 냉우동중에 면발이 제일 쫄깃했다
현우동,20,불친절해서 먹는 내내 불편했습니다.. 맛은 있지만 그냥 쏘쏘네요ㅠㅠ
하루,80,깔끔하고 가성비 괜찮네요!
하루,80,"점심 특선으로 나오는 스시세트가 가격대비 구성이 몹시 나쁩니다.
같은금액의 다른 스시집에서는 종류별로 나오는데 여기는 광어 연어 광어 연어 광어 연어 .... 그리고 새우
구성에 신경을 쓸 필요가 있어보이네요"
장수옥순대국,80,"말 그대로 알려지지 않은 숨은 맛집.
돼지국밥과 순댓국만 먹어봐서 다른 메뉴 평가는 못 하지만, 적어도 순댓국과 돼지국밥만은 진심인 곳."
장수옥순대국,80,"돼지국밥 순대국밥 고기건더기, 국물은 훌륭
순대국밥에 분식집순대+간에서 냄새남
돼지국밥에 정구지 안나옴"
예향,100,"격식있는 자리가 필요해서 방문했는데
맛도있고 서비스도좋고 친절하네요
또 오겠습니다~"
예향,100,"전화받는 직원이 무례합니다. (직설적으로는 싸가지가 없어요. 전화뿐만이 아니라 대면에서도 싸가지 없습니다 ^.^)
가성비로 치면 창렬함의 극치를 달리는 식당."
예향,100,"맛 (☆☆☆☆) 맛있고 반찬가지수가 많음
가격(☆☆) 비쌈ㅠ
서비스(☆☆☆)

점심 굴비정식
전체 룸이고 매우조용함!!
더보기"
노메,60,"맛있습니다, 몹시 짠 것 빼고.. 
점심엔 식사 저녁에는 안주
안주 류는 전반적으로 괜찮았는데 
식사의 규동, 카레 등은 너무 짜네요 ㅠ 
하지만 맛은 있습니다
더보기"
노메,60,내가먹은 최악의 라멘집 라멘집도 아님 라면집임 시중에 파는 라면 팔아다가 돈 엄청받는 라면집
노메,60,"규동 너무 짜요, 된장국도 짬 그리고 당장바꿀수잇는건아니지만 작은 타일 다닥다닥붙어있는 테이블 비위생적임.. 사이사이에,,,어후,,"
우원돈가스,100,"혼밥하기엔 사람들 너무 많아서 대응받기 어렵고
5~6명 단체 가기엔 자리들이 애매함

2~4명 추천"
우원돈가스,100,"간이 잘못된건지
니맛도 내맛도 아닌맛"
우원돈가스,100,한번
초회장집 본점,100,좋다... 회도 맛있고 밑반찬도 좋고 직원들도 넘 친절하다
피양콩할마니 본점,20,"너무  불친절 .불친절 헙니다
맛도  별로이면서

다시는 안갑니다"
피양콩할마니 본점,20,건강한 맛 좋아요. 반찬도 다 집밥 같고 맛있어요. 위생은 별로고 되게 정신산만해요.
피양콩할마니 본점,20,미술랭??  진짜 짜증나네 2번다시갈일없다
모노로그,80,질좋은 재료를 잘 다루는 곳 사케 페어링도 기가막히게 해주심
모노로그,80,お任せ
요조라,100,그냥 그랬어요
요조라,100,욕들이 많네요 저는 너무 좋게 다녀왔는데 이런 리뷰들이 있을줄은 몰랐습니다 덕분에 생일 너무 잘보냈고 달마다 가고싶네요 ㅎㅎ디너 17만원은 생각하셔야합니다 참고하시길~
인수사,100,도미지리 지린다... 고기 엄청 많고 맛있음
인수사,100,"쏘쏘
내돈주곤 안감"
신의주찹쌀순대&감자탕,20,만두국에 만두 2개 밖에 안들어가면서 8천원받는 돈아까운 국밥집
신의주찹쌀순대&감자탕,20,"바로 옆 집, 부산아지매가 이 집 덕을 봄...이 집 덕분에 부산아지매가 맛있다고 느껴짐...부산아지매도 보통인데.."
신의주찹쌀순대&감자탕,20,가지마세요...순댓국이 씁니다...귀중한 한끼 날렸네요...
장정정,100,맛있어요!! 이 근처에서 가장 추천하는 이자카야 입니다~~
장정정,100,"스테이크 고기가 질기고
특별히 맛잇다고 느끼지 못햇어요
내 기준 맛집은 아닌걸로"
묵호항,60,나쁘지 않았는데 뭐가 많이 나오긴했는데 실은 제 돈 주고 안먹어서 마냥 맛있었어요 힛
자주포차,100,모듬해산물물회가 너무 맛있네요!!
자주포차,100,비싸고 잡내남
야키토리쿠이신보,20,"카카오맵 평점 맹신하고 직원들에 대한 불만은 걍 걸러듣고 맛에대한 평만 믿었는데 너무 화나서 남겨요

직원수에 비해 효율 떨어짐, 코스 중간에 서빙 속도 느리길래 컴플레인 한번. 그 후로 다음 메뉴 주문 누락 ㅋㅋ 20분 기다렸는데 10분 더 기다리라고하는.. 가게
작은데 이정도면 다들 가만히 있지 말고 생각을 하고 일하시는게...
더보기"
야키토리쿠이신보,20,만족스럽습니다! 재방문 의사 완전 있음
천하돈까스,60,"돈카츠는 맛없음

돈부리류가 나음"
천하돈까스,60,"진짜 맛있는 집
돈까스 싫어하는데도 
바삭한 튀김옷과 가벼운 소스가 
부담없이 너무 맛있었다"
린카,80,"유일한 카레집, 사람들은 카레를 좋아한다"
린카,80,맛있어요! 기본을 잘 지킨듯한 맛. 아비꼬 처음갔을때가 생각나네요 ㅋㅋ 토핑도 나뉘어 있고 매운맛을 선택할 수 있습니다! 치킨카레 치킨 토핑포힘 11000원이였어요
린카,80,"카레 맛도 맛있지만 조미료가 안들어갔다는게 장점인듯!
밥 대신 우동면을 넣고 먹었는데 존맛탱~>_<"
소소한식당 대치2호점,100,요기 음식들 너무 소소하고 맛있어서 좋음 😊😊
소소한식당 대치2호점,100,영업시간좀 지켜주세오
소소한식당 대치2호점,100,본점이 궁금해지는 맛
제주오전복 스타필드 코엑스점,100,겁나 맛있음
제주오전복 스타필드 코엑스점,100,"세트메뉴 3개시켰는데 성인남자 2명먹기 좋은 양이에요
음식은 중간정도 입니다 맛없지 않지만 맛있어 재방문은 생각해볼 것 같은 중간맛입니다"
제주오전복 스타필드 코엑스점,100,갈치조림세트랑 전복물회세트 주문했어요. 가성비 좋고 맛도 좋았습니다~ 개인적으로 갈치조림은 좀 짠데 제가 좀 싱겁게 먹는 편이라 그런거 같기도 해요ㅎ
모요,100,요리 다 맛있어요. 동네에 이런 곳이 있음에 감사 또 감사합니다.
모요,100,여긴 진짜 인정
모요,100,"일단...... 가지구이가 정말 엄청나게 미치게 맛있어서 이것 하나만 먹으러도 전 충분히 다시 갈 수 있을 것 같아요...🤤💙
우엉튀김은 이런곳에서 나오는것 치고 양많이 나와서 옴뇸뇸잘 먹었습니다!
메뉴 대부분이 맛있어서 걱정없이 오시기 좋을 것 같아요 ㅎㅎ"
리키도잔,100,"내가 여기 근처 살았으면 일주일에 한 번은 꼭 갔다...
안주 JMT, 사장님 친절하심."
리키도잔,100,사장님 친절하시고 자부심 있으심. 모든 안주가 맛있고 퀄리티있음. 뭘 시켜도 실패하지 않음
갓덴스시 강남점,100,회전초밥집 퀄리티가 아니네요 너무너무 맛있어요 일본에서 비슷한 가격대 식당에서 먹은 것보다 맛있었음
갓덴스시 강남점,100,"정말 친절하시고 초밥도 맛있는데, 카운터에서 초밥을 만드시는 분들이 웨이팅이 많다고 계속 투덜거리면서 홀 직원에게 웨이팅이 몇명이나 묻고, 그 인원 만큼 단두대(?)에 달라는 말을 너무 잘 들어버렸네요.. 장난인거 알고, 위생상 문제 없이 마스크도 끼고 계셨고, 직원끼리 수다떨지 말라는건 당연히 아닌데.. 입 조심하세요, 다 들려요.."
갓덴스시 강남점,100,웨이팅 진짜 길엇지만 .. 그래두 맛있었어요 !!! 선택장애에겐 런치세트가 꿀입니다
요술포차 역삼점,80,조개탕 맛있음
요술포차 역삼점,80,"주변에서 제일맛있고 친절함
치킨 마쉬써"
요술포차 역삼점,80,"조금 시끄럽지만 화장실도 괜찮고 좋아여 
사장님도 너무 친절하심"
양미가옥,20,"고기 맛은 괜찮은데 알바들이 너무 싸가지없고 건들거려요 와 그리고 양갈비집은 다 구울때까지 계속 앞에서 구워주고 봐주는 곳으로 갔었는데 여긴 걍 알바들이 자꾸 사라져서 고기 탈까봐 무섭고요 
사물함에 외투랑 짐 맡길 수 있는지 몰랐는데 다 먹을때쯤 다른 손님한테 말하는 거 듣고 알았네요 ㅋㅋㅋㅋ 손님가리는거면 더 문제인거 같구요 홀에 손님 계속 있는데 주방에서 핸드폰하는거 다 보여요
더보기"
양미가옥,20,"알바는 어떤 메뉴가 있는지도 모르고 얼타기만하고
매장은 춥고... 숯 가져다줄때까지 영문도 모르고 20분동안 계속 기다리기만 함... 숯 가져다준다고 말이라도 하던가... 심지어 홀에 손님 많지도 않았는데
서비스 수준은 그냥 손님한테 관심안가지는 편의점 수준임. 반찬도 종류도 작고 고깃집에 와사비도 없고 불러도 대답도 안해요~메뉴 주문해도 그게 뭔지도 몰라요~10분뒤에 다 소진됐다고 사과 한 마디 하고 끝 ㅋㅋ 다신 안옴. 돈이 아깝네요
더보기"
양미가옥,20,양 자체가 맛있습니다. 서버분들도 친절하시구요 신사오면 종종갈거같습니다
매화양꼬치 논현점,20,"별로예요. 
양꼬치가 이렇게 맛없기도 참…
다시 가고 싶지 않아요."
매화양꼬치 논현점,20,맛 별로임
매화양꼬치 논현점,20,"최악이네요 ,,, 들어가서 안쪽에 공간 더있는데 거기 싱크대옆 앉지마세요 벽에서 찬바람이 아주 술술나와서 롱패딩입고 먹었네요 ^^ 음식도 다 식어서 데워달라니 데워주지도않고

밑에 계산 잘 보고 하라고 써놧는데 저희도 11,000원 눈탱이 맞았네요 ^^
더보기"
명동칼국수,20,후추맛밖에 안나요
명동칼국수,20,진짜 맛없고 양도적고 싸구려맛인데 코엑스에 입점해 있어서 사람이 많다는게 어이가 없음
명동칼국수,20,평가를 왜 주문하고 나서 보게됐을까 아쉽네요.. 만두는 그나마 괜찮았지만..
용수사,100,"가보까 고민할 필요가 없음
후회할일이 없음"
용수사,100,"룸형태로 되어있고, 반찬 하나하나 퀄리티도 좋고 너무 맛있습니다"
네모오징어 강남파이낸스점,100,"언제나 맛있는 곳!
매콤한 것 땡길 때 자주 갑니다.
친절하시고 매장 쾌적!"
네모오징어 강남파이낸스점,100,"점심식사 맛은 대부분 음식점들이 그렇듯 비슷해요 맵고 달고 양은 적당하고 볶음밥 맛있고요. 예전엔 안그러셨던 것 같은데 오징어 먹고있는데 비빔밥먹으라고 철판에 부어버리고 가스불켜고 ㅋㅋㅋ 옆테이블은 많이 남았는데 각자 그릇에 오징어 맘대로 덜고 묻지도 않고 밥 볶아버리는 쎈스. 빨리먹고 빨리 나가라는 사인을 참 많이도 줍니다. 다시 가진 않을것 같아요 밥먹다 체할듯 ㅎ
더보기"
네모오징어 강남파이낸스점,100,명란불고기 👍👍
아비꼬 압구정역점,40,"저녁에 밖은 어두운데 모든 문을 활짝열어놔서 안에 모기, 각종 날아다니는 벌레들이 엄청 많다.. 내 카레에도 벌레가 날아와서 들어가버림 ^^"
아비꼬 압구정역점,40,그냥 아비꼬 맛
아비꼬 압구정역점,40,세상 불친절하세요!
스시한판 코엑스점,20,"누락 주문건을 순서에 맞춰 줌 ㅋㅋ
생선 잡아서 만들어 오는 줄"
동어동락 본점,80,"가성비는 있음.
넓고 깔끔함.
저녁 회식장소로 추천."
광수사,80,"런치세트 기준(인당5)으로
푸짐하고 퀄리티도 높았습니다!

맛☆☆☆☆ 
서비스☆☆☆☆☆
가격☆☆
위치☆☆☆☆
더보기"
광수사,80,"생선회의 품질이 다릅니다.
다양한 메뉴를 오케이 할때까지 제공해 주시니  너무 좋습니다."
오늘와인한잔 일원점,40,메뉴가 다 저렴한데 보면 양이 적어 그냥 2차 술안주 이것저것 먹기는 좋습니다. 다만 테이블에서 행주냄새가 나서 불쾌했습니다..
오늘와인한잔 일원점,40,의외로 안주가 괜찮음
오늘와인한잔 일원점,40,"일원동에도 와인한잔이 있는지 몰랐다.
모든 메뉴가 저렴하며, 무엇보다 다 맛있다!"
스시바라 자곡점,40,맛은 모르겠고  직원인지 사장인지 계속 인상쓰고 말할때도 틱틱 거리고 계산할때도 처다도  안보더군요  다시는 안가고 싶은  가계  장사할 인성이 안댄듯
스시바라 자곡점,40,"맛은 괜찮음 (재방문 의사있음)
근데 불친절해서 다시 안갈거같은곳
오늘초밥:13,000원"
스시바라 자곡점,40,무난한 집이에요
옥돌위에세꼬시,20,위생 무엇..
옥돌위에세꼬시,20,"0점 주고싶은데 0점이 없네; 첫 스끼랑 회 나오는데 40분ㅋㅋㅋ먼저 온 테이블에 회가 먼저 나갔음에도 사과는 커녕 배째라는 마인드, 술도 직접 가져다 먹어야 함
아 참! 양도 이게 9만원 짜리 회라구요?
0점 주는 리뷰는 처음임;"
옥돌위에세꼬시,20,세꼬시 세트도 맛있고 군더더기가 없음. 매운탕 필수. 수제비사리 진짜필수. 어중간한 숙성회집 가지말고 여기오세용
스시히로바 삼성동본점,100,"어릴 때부터 다녔던 곳이에요. 
사시미도 싱싱하고 스시도 종류도 많고 맛도 좋습니다. 
요즘은 미소시루 (장국)를 우동국물로 대체하는 곳이 많은데 장국 있어서 그것도 좋아요~"
스시히로바 삼성동본점,100,더러움
스시히로바 삼성동본점,100,시간개념 없는곳 금방 나온다 하고 20분이 넘도록 안나오니 이건머 시간많이 널널한분들만 가시길
후꾸짱,20,복
거제지심도 대치점,20,"사실 기대를 갖고 갔는데 별 하나도 아까운 완전 실망, 추천한 메뉴 봄도다리쑥국을 먹었는데 주문받는 메뉴에는 3만원 계산할 때는 3만5천원, 뭐라고 하니 메뉴판을 안 고쳤다고 ㅎㅎ 이제 막 봄이라 나온 메뉴가 말인지 막걸리인지 사기인지"
와라쿠,20,"하.. 가게 열고 저녁 첫손님으로 들어가서 기분좋게 나베세트 시켰는데 다른 테이블 단품 시킨다고 순서  늦게 나옴. 따뜻한 술 나베랑 먹으려고 시켰는데 우동면사리만 가져다놓더니 안주도 없이 20분기다림 알고보니깐. 옆 테이블에서 늦게 나온다고 진상 부리니깐. 거기부터 대령함. 다른 테이블 다 돌리는 동안 우리 테이블 본채만채 지나다니면서 못본척 하면서 지나감. 10만원에 맛이고 뭐고 기분 드러워서 나가려는데 그제서야 나머지 가져옴. 사과도 없이 원래 시스템상 그렇다고 이해해달라함. 최악임. 서비스 최악 다신안감. 진짜 기분 잡침. 블루리본 문에다 일자로 붙여놓으면 뭐함. 이제 안믿음 개구림
더보기"
와라쿠,20,튀김이 너무 눅눅했어요ㅠㅠ꼬치만드세요
와라쿠,20,Trad. Japanese Kusiyaki
스미즈,100,"법카찬스로 점심 b코스 먹었는데 가성비 개조음..

조용히 저장했다가 늦가을쯤 회식장소 고를 때 스윽 건의드리면 칭찬받기 가능할듯"
스미즈,100,너무 맛있어요~~~~
고우 청담점,60,이자카야스러운 꼬치 맛집
고우 청담점,60,좋아요 :)
엔가와 역삼본점,100,"엔가와의 재료는 전부 국산이고 돈카츠튀기는 기름을 매일 새것으로 쓰시기 때문에 마음 놓고 애들을 먹일 수 있습니다 게다가 너무 맛있어요@@ 
마제소바의 차슈는 정말 최고입니다 
먹구 추가했습니다 ㅋ 돈카츠도 바삭바삭~!! 만족스러운 식사였습니다"
엔가와 역삼본점,100,남자연예인 이름 생각나는 양과 가격
스시에비스,100,"깔끔하고 좋긴한데 양이 좀 아쉬움
후반에 튀김류라도 좀 나왔으면 좋겠음"
스시에비스,100,"감동은 단새우와 차완무시, 가격. 가성비 좋은 런치오마카세 먹고 왔어요. 단.. 맥주 컵에서 쇠맛나서.. 유리잔으로 바꾸셨으면 좋겠습니다."
피쉬스토리 압구정본점,100,싸고 맛도 좋았습니다 특히 방어가 너무 맛있었어요. 술이랑 라면 이런거 사와서 먹어도 되는 곳이라 편의점 가서 저렴하게 사와서 배부르게 먹었고 가격도 저렴해서 좋았어요!!
피쉬스토리 압구정본점,100,횟집에 콜키지 프리라니 ㅠㅠ너무좋아요 그렇다고 회가 비싼것도 아니구 회도 맛있어서 둘이 두번시켜먹었오요 ㅎㅎ
가츠몽 청담점,60,가성비
가츠몽 청담점,60,가성비 갑인듯욯ㅎㅎ
보물섬,100,맛있어요🖤 웨이팅이 너무 길어 별하나뺍니다
보물섬,100,"자리 앉자마자, 자연산회 두개만 있는 거 처럼 설명. 13만원짜리 하나, 20만원 짜리 있다고 하면서 얼른 시키라함.
일단 방어회 먹으러 갔으니 20만원짜리 방어회 시키긴 했는데.
방어회는 남은 거 못 싸준다 하고.
아직 회 남았는데 계속 매운탕 가져다 주냐 묻고.
결국 마지막에, 단체 손님 왔으니 미안하지만 자리 비켜달라함 (들어간지 한시간 반 정도 됐음. 20만원짜리 메뉴 시키고, 술도 계속 마시고 있었고. 회도 많이 남아 있었음)
한 번은 호구처럼 가긴 했으나, 다시 가고 싶은 마음은 없음. 같이 간 지인도 동일 의견
더보기"
진미식당,20,말도앙되는 불친절 대박입니다 제발 가지마세요
진미식당,20,"이 집은 닭볶음탕이 진리에요. 닭볶음탕 빼곤 무난무난한 집밥맛. 나이 지긋하신 여사장님이 하고 계시는데 집밥 그리울때 딱 먹기좋달까요.
시설은 조금 낡았으되 깔끔합니다.
한가한 시간대에 가면 혼밥하기도 좋고 안쪽엔
좌식으로 방도 있어서 가족들끼리 가기도 좋아요.
전 혼밥할때는 주로 일요일 오후에 널널할때 갑니다.
사장님께서 트로트를 좋아하셔서 미스트롯, 미스터트롯, 사랑의 콜센타 등등의 프로그램이 틀어져 있을 가능성이 높아요.
전 저도 트로트 좋아해서 같이 수다떨다 왔네요 ㅎㅎ
참 정겹고 좋은 밥집이에요.

+추가
1인 닭볶음탕사진 추가해요 최근에도 다녀왔어요 큰뚝배기에 9000원ㅎㅎ 맛도 괜찮아요
계란후라이 안드시는 분들이 계시니 해주냐고 사장님께서 늘 여쭤보세요
계란후라이, 공기밥추가 무료예요~
할머니 사장님께서 반찬도 떨어지는것 없는지 꼭 더주고 싶어하시고
넉넉한 인심의 밥집이에요
더보기"
참치부라더스,100,참치특덮밥 회가 먹어도 먹어도 끝이없음
참치부라더스,100,맛있고 분위기좋고 친절해서 더 좋았습니다.
마고꼬로,100,사장님이 요리를 정말 잘하심. 강추.
육일점,100,"친절하시고 고기도 냉면도 다 맛잇어요!  
 직접 구워주셔서 냄새도 많이 안나고 좋아요"
슈토 1호점 니혼슈바,100,맛있어요!!! 친절하시고 추천하고 싶은 맛집입니다
슈토 1호점 니혼슈바,100,4인극 공연에 초대된 관객이 된 기분. 리듬감 있는 리딩으로 찰지게 사케와의 마리아주를 이끄는 2시간의 가이세키적 오마카세.
슈토 1호점 니혼슈바,100,"작은 가게 코스오마카세 가성비가 좋아요!
전반적으로 맛있어요. 개인적으로 탕이 정말 맛있었어요.
깊으면서 깔끔한 맛"
사이,60,2차로 가기 좋을듯! 추천해주신 사케와 음식이 맛있었다
사이,60,비싸긴 한데 맛은 좋았습니다
못난이포차,20,위생 더럽고 불친절
못난이포차,20,"맛은 보장인데 시간은 보장 못하는 곳...
바쁘면 안되는 메뉴가 많아요..."
미라이,80,"사바산도 맛있음 
호불호 갈리는맛 4명중 나만 맛있다함,,😿
그치만 다른음식도 다맛있고 분위기 괜춘"
수다 삼성 2호점,100,분위기 너무 좋아요. 회 퀄리티도 상급!! 회 전문 일식당 못지 않은 고퀄이네요. 개별 룸으로 되어 있어 조용히 이야기하기도 좋고 음악도 좋구요~
수다 삼성 2호점,100,삼성역에서 이렇게 조용하고 프라이빗하게 술 즐길 수 있는곳 흔하지 않아 좋아하는 곳이에요! 일찍가면 가끔 운좋게 랜덤으로 토마토도 서비스로 주는데 저게 별거 아닌거 같지만 막상 받아보면 참 좋더라구요 ㅋㅋㅋ 저거 때문에 술 더마셔요 ㅋㅋㅋㅋ 여튼 안주도 다 맛있고 분위기도 차분해서 더 자주 찾게됩니당🔥👍🏻
선오뎅,20,갈때마다 레전드경신하는곳 ㅎㅎ 자리있어보이는데 마감할생각인지 나가라고 손짓함ㅎㅎㅎㅎㅎ 근처에 오뎅바가없어서 가는곳
선오뎅,20,"사람들 다 차있길래 자리없나보다 하고 있으니 자리 만들어준다고 들어오라고 하심 
이미 앉아계신던 분들 자리 옮기게하면서 꾸깃꾸깃 앉음 
주문 다 하고나니 갑자기 이 자리는 그 오뎅바에 있는 어묵통을 못 쓴다며 그릇에 담아준다 하심 오뎅바에 와서 그냥 국그릇에 담아먹을거면 뭐하러 오뎅바를 감...?ㅠ
그래서 예..? 처음부터 말해주셨어야죠ㅠㅠ하니 그럼 다른데 가시던가요 하심
싫으면 빨리 나가라는 듯한 당당한 사장님 태도에 당황하고 있던 차, 다른 분들이 자기네 일어난다고 자리 비켜주심
친구 생일이라 기분 상하고 싶지 않아서 더 말 안하고 참고 일단 자리 옮겨 앉음 오뎅이라도 맛있게 먹자 생각에 한 입 먹었는데 아무맛이 안남
그 와중에 밖에 또 새로운 손님 오니 다른 손님들한테 사장님이 나가란 식으로 눈치 주셔서 그 분들도 예 나갈게요 하고 떨떠름하게 쫓겨나심ㅠ
사장님의 무례한 태도에 기분 상하고 아무 맛 안나는 오뎅에 충격받고 사장님 눈치 봐야하는 가게 분위기에 맘이 넘 불편해져서 그냥 남은 거 포장해달라 말씀드리니 그제서야 조금 미안하셨는지 (갑자기 시끄러워져서 앞부분 잘 못 들었지만)~~만 아니었으면 생일 축하해드렸을텐데 죄송하네요라며 갑자기 친절해지심..(띠용)
근데 마지막 충격은 포장을 죠스떡볶이 봉투에 넣어주심ㅠ다음날 혹시 다시 끓이면 괜찮지 않을까하고 오뎅을 다시 끓여먹어봤는데도 아무맛이 안났음...
나이 지긋하신 할아버지 사장님 어르신께 이런 단어 정말 쓰고 싶지 않지만 너무 무례하셔요...ㅠㅠ항상 좋든 안좋든 후기 귀찮아서 안쓰는 편인데 이렇게 열심히 후기 남길만큼 처음 겪는 충격적인 경험...다신 안그러셨으면...ㅠㅠ여기서 상처받고 근처 다른 식당 갔는데 거기 직원분들은 천사셔서 더 비교됐음ㅠ
더보기"
선오뎅,20,"진짜 옆테이블 새로운 손님 오면 나가라고 하고
메뉴 설명도 제대로 안 하구 음식 취소했는데 걍 나오질 않나..
절대 절대 절대 가지 마세요
오뎅 맛도 그냥 그렇고 다시는 안 가고 싶어요
후기 잘 안남기는데 역 대 급, 기분 나쁜 곳은 처음이에요...
더보기"
스시현,20,"이곳 사장님.. 문제가 많아 보이네요. 
제가 연어회덧밥을 좋아해서 자주 먹는데.. 
이곳 회덧밥은 10,000원이고 연어회덧밥이 메뉴에 없어서 연어덧밥으로 주문해서 식사를 마쳤는데 가격이 25,000원이라네요. 다른 곳에서 먹어도 비싸야 16,000원을 넘는 곳이 별로 없었는데 황당하더이다. 
그렇다고 연어가 많이 올라간 것도 아니고 그저 비슷 비슷했는데,, 어이가 없어 왜이리 비싸냐니깐, 러시아가 전쟁 중이라 가격이 대폭 올랐다는데. 
얼마전에도 다른데서 먹었을 땐 14,000원였는데 완전히 바가지 쓴 기분이네요…
절대로 이집은 안 감…절대로
더보기"
스시현,20,후기 좋아서 시켰는데 너무 실망
스시현,20,푸짐하고 싱싱하네요~
김가네 한티점,100,다 좋아용 근데 국요리는 약간 짠..편임. 그거말곤 다조음 아 이모한테 밥찌끔만 달라해도 왕창 줘버림
김가네 한티점,100,주인인지 직원인지 서빙해주시는 아저씨 싸가지없음
벽돌집60-5,100,맛나고 친절한집
스시산원,40,"25년지기 친구와 오랜만에 만나 디너타임 방문.
음식 구성이 전체적으로 너무 짜고 물렸음. 식사 내내 물을 5컵은 마신듯.. 식사 끝나고 나오자마자 아이스 아메리카노 원샷.
재방문 의사 없음."
스시산원,40,"음 기본적인 애티튜드가 별로었어요. 뭐 기분나쁜 일이 있으셨는지 스시 설명도 제대로 안해주고, 다시 물어봐도 대애충 설명해주고..
이럴거면 왜 이돈주고 여기로 택했나 싶네요;
그렇다고 음식이 뛰어나게 맛있지도 않구요.
다시 방문 안할듯 하네요
더보기"
스시산원,40,"디너 15만원,,,,,,,,,,솔직히 돈아까움"
와바 삼성1호점,20,0점 없어서 1점 드립니다
와바 삼성1호점,20,아직도 안 망하고 존재하는 게 신기한 곳
와바 삼성1호점,20,무난합니다
바른정육식당,100,고기 잘 나와용 굿
바른정육식당,100,으휴 별점 1 점인 이유가 있지 ~
바른정육식당,100,돼지고기 김치찌깬데 고기 두덩이 끝임 ㅋㅋ 양도 먹다 남은거 준거 같고.. 별로
토마토김밥 대치점,80,맛은 좋은데 시설은 별로
토마토김밥 대치점,80,"이게 어떻게 부대찌게 인가요.. 사진이랑 완전 달라요
이런 부대찌개 처음봄;;;;;; 맛은 당연히 완전 없음 ㅠㅠ"
스시키,80,"밥을 다 쓰셨는지 중간에 다른 봉투에서 꺼내주셨는데 이전 밥이 더 맛있었어요..
그리고 매니저? 분이 홀에서 손님들을 계속 주시하는게 아니라서 물 더 받을때마다 조금 산만하고 불편했어요
그래도 런치는 전체적으로 가성비 좋고 가격대비 맛도 좋은 것 같아용"
스시키,80,맛있음/우니 복불복이 있음..(눈물)
스시키,80,맛있습니다 설명도 친절하게 해주심
달구벌반점 청담점,20,탕수육 돼지냄새..배탈날까 걱정됨. 짬뽕에있는 고기는 냉동실에서 갓꺼낸 것처럼 덩어리로 뭉쳐져있고 대충만들어서 나온 음식이고 맛도 특별하지않음. 그냥 옆에 순대국집가세요
브라이언스커피,80,스콘 넘 맛있고 카페도 넓어서 좋았어요
브라이언스커피,80,"라즈베리 스콘, 캬라멜 휘낭시에 먹었어요 스콘은 바삭하고 휘낭시에는 쫀쫀한 식감이었습니다 그나저나 카페에 와이파이없는게 너무 충격이었습니다.."
브라이언스커피,80,"음식 야외진열은 아쉽지만 맛은 좋아요
클로티드 크림 있는 스콘이랑, 소세지 휘낭시에 맛있습니다
현백 무역점에도 들어옴!"
이든,100,한잔하기 좋아요.
이든,100,시킨 메뉴 세개 다 넘 맛있었어요 ! 특히 고등어롤 최고입니다:)
이든,100,모든게 애매함
신야텐야 역삼점,100,역삼에서 튀김집하면 매번 방문하는거같아요!! ㅎㅎ 최고입니다! 👍 👍 👍 👍
신야텐야 역삼점,100,"튀김이 바삭하고 너무 맛있게 잘 먹었습니다👍
다음에 또 갈게욤!"
공스시,100,정말 맛있어요... 구성도 좋고 마음에 들어요❤️ 엄마랑 먹으면서 극찬을 하고 나왔어요
공스시,100,"청담, 압구정, 신사, 강남구청 근처에서 모임하기 좋은곳입니다! 회가 다 맛있고 스끼도 잘 나와요! 룸으로 되어 있어서 회식이나 상견례등 중요한 날에 가기 좋아요~"
공스시,100,좋아요
구레스시,20,"다시는 안갑니다.
1. 음식
음식은 맛있으나 밑에서 언급할 서비스의 측면이 음식의 맛을 망침

2. 서비스

2-1.입장하자마자 일행과 함께 메뉴판을 요청했음. 그런데 종업원이 소개하면서 1인당 가격이라고 비아냥거림

2-2. 식사를 하는 도중 다 먹지도 않은 음식을 물어보지도 않고 자꾸 혼자 가져감. 한번도 아니고 한 두세 차례 반복함. 그래서 다 안먹었다고 말하니 ""아 다 안먹었어요? 미안해요~"" 하고 제자리에 두지고 않고 테이블 아무대나 다시 내려놓고 감. 인당 10만원 하는 금액에 걸맞는 대접은 아니였음

2-3.  다른 음식이 나와서 두 군데 접시에 있는 초밥을 한군데로 모으는 과정에서 젓가락으로 성의없이 초밥을 옮김
픽픽 쓰러지는 초밥을 보며 실망감을 느낌.

2-4. 앞서 겪은 모든 상황을 우리는 단순 서비스의 품질이 낮은것이 아니라 무시받는다고 느껴졌음. 그러는 와중 식사를 거의 다 마치고 물이 다 떨어져 벨을 누르고 물을 요청하니 ""물 거기 있어요. 주전자에 없어요?"" 주전자에 물이 없어서 더 달라 한건데 단순 주전자를 처음 본 사람들 처럼 대하니 어이가 없었음.

정말 맛있는 음식이었고, 가격에 걸맞는 음식이었지만 이 모든걸 위에서 언급한 서비스로 인해 다시는 안갈듯함.
비교하자면, 식사를 마치고 나와서 갔던 스타벅스 종업원의 서비스 정신이 월등히 우수함.

한 그릇에 만원 하는 국밥을 먹으러 간 곳에서 받은 서비스였다면 이렇게 리뷰를 작성하지도 않음. 진짜 이렇게 서비스 받고 인당 10만원 쓸꺼면 국밥 30그릇 먹음.
더보기"
유키노 역삼점,20,"최악입니다. 맛없는 거야 그냥 안가면 되니까 상관 없는데, 요청사항도 안해주고, 저보다 늦게 온 사람 음식 다 나오고 먹을동안, 제 라멘은 안나오더라고요. 또한 라멘이 싱거워서 소금 좀 달라니까 사장인지 뭔지 신경질 내면서 먹고있는 그릇을 물어보지도 않고 치워버리더니 새거로 주네요. 먹고 떨어지라는 건가요? 그마저도 싱거워서 다 버리고 나왔습니다.
더보기"
유키노 역삼점,20,정말 맛있어요
야간비행,100,가볍게 와서 마시기 좋아요
스시혼,20,비린내가 너무 심하고 음식에 간도 안맞음
스시혼,20,"모듬 초밥 + 참치등살(2) + 참치뱃살(1) 주문 -> 25,000원

고등어무조림
김치 2종류
회무침
미니 우동
초밥

참치가 맛있었음

사진은 모듬초밥
더보기"
스시혼,20,초밥 JMT.. 신선 탱글..
스시츠바사,80,"정갈하고 맛있습니다.
재료도 신선하고 쉐프님이 친절하고 노련하세요.
매장 내부가 엄청 큰편은 아니지만 그래도 깔끔하니 조용하고 좋았습니다.
코스 처음부터 끝까지 배불리 맛있게 먹었습니다.
점심에는 더 가성비 좋던데 점심에 한번 더 갈게요.
더보기"
스시츠바사,80,쵝오........ 고등어까지 마싯다....
돈천동식당,80,자꾸 생각나요
돈천동식당,80,"전에 요리사 같은 아저씨 두분이 운영하실때는 한티근처 인생맛집일만큼 정말 너무너무 맛있었습니다. 그런데 1년만에 다시오니 아줌마 두분이 운영하시는데, 돈까스가 정말 너어어어무 맛이 없어요...... 기름이 탄건지 자주 교체를 안하시는건지 돈까스가 써요ㅠㅠ 쓴것뿐만아니라 맛이 이상하고... 튀김옷도 바삭하지도 않고. 치즈 돈까스는 원래 쫄깃한 치즈가 들어갔었는데 싼 치즈로 바뀐건지 그냥 흘러내리네요... 예전엔 일부러 먹으러 왔었지만 이젠 다시는 안올 것 같습니다.
더보기"
돈천동식당,80,"맛은 있는데 가격이 많이 올라서 저렴한 메뉴는 1인 1만원은 줘야함
치즈김치나베는 12000원
재방문의사 없음"
목탄장 도산점,100,주문한 메뉴 하나하나 다 정갈하고 맛있었습니다
목탄장 도산점,100,"룸으로 여자넷이서 실컷먹고 조용히 놀다왔어요!
여럿이서 가면 바bar 보단 룸을 강추합니다:) 바 자리는 많이 시끄럽더라구요.
음식 하나하나 모두 정성스럽고 맛있어서 즐거웠어요. 특히 가리비우니는 강추합니다!(두번 시켜먹음) 오늘의 메뉴였던 가지아슈크림은..파는것을 생각해보심이 좋겠어요.
더보기"
모미모미 역삼점,100,맛있어요
모미모미 역삼점,100,"평소에 연어를 좋아하지 않는 편인 데도 음식을 맛있게 먹었지만, 사장님께서 다른 고객이 욕설이나 비방 없이 솔직하게 작성한 리뷰에 대해 이를 인정하지 않으시고 비아냥거리는 등의 부적절한 응대를 하셨습니다. 또한 이와 관련하여 본인은 배달 앱 리뷰를 통해 의견을 남겼으며 이에 대해 인신공격을 하신 탓에 해당 답글이 블라인드 처리가 되었습니다. 당시에 본인이 남긴 글을 인용하자면 재료의 질과 각자의 입맛은 아무 관계가 없으며 리뷰는 듣고 싶은 말만 듣기 위해서 있는 것이 아닌, 주관적으로 느낀 그대로 적기 위해 있는 것입니다.
더보기"
아오끼,100,왠만하면 가지마세요
아오끼,100,"사장님 써비스 좋으시고 직원분들 친절하시고 무엇보다 싱싱한 해산물과 생선회 최고 였습니다.
모처럼 제대로된  일식 먹고 왔습니다.
감사 합니다."
미네스시,100,깔끔하고 좋습니다
미네스시,100,가격 대비 퀼리티 좋아요! 부모님이 좋아하시는 가게여서 10년 넘게 집안 행사때마다 예약해서 가는데 매번 너무 맛있게 식사하고 옵니다!
미네스시,100,"제일 처음 나오는 전채요리에 머리카락이 두개 들어있었습니다. 
하나면 넘어가겠는데 두개인걸 보니 좀 이야기해야겠다 싶더라고요. 

그래서 종업원에게 이야기하니까 죄송하다고 사이다나 콜라 가져다드릴까요? 이래서 필요없다고 했는데 나름 가격대가 있는 식당이니 담당자가 와서 사과를 할줄 알았는데 그 뒤로 식사 끝날 때까지 아무도 사과하러 오지 않더라고요???

????뭐지????

마지막에 떠날 때 요리하시는 분이 와서 사과하기는 했습니다만 돈은 다 받더군요ㅎㅎㅎㅎ

총지배인님이 보름 전에 그만두셨다고 들었는데 그래서 그런지 고객 대응면에서 꽝이네요.

사실 음식에 머리카락 나오는거나 그런건 워낙에 자주 겪어서 웬만하면 넘어갑니다. 왜냐하면 얘기해봤자 바뀔 것도 아니고 그런게 나올만한 저렴한 식당에 많은걸 바라지 않기 때문입니다. 

하지만 동네 중국집도 아니고 끼당 33000원 받으면서 머리카락이 나온 것도 말이 안되지만 대응이 영 아니었습니다. 오랫동안 다녔는데 아마 다시는 안갈 것 같습니다.

물론 그냥 똥밟았다치고 넘어갈수도 있습니다만 제가 후기를 남기지 않으면 얼마든지 똑같은 일이 다시 일어날 수 있기 때문에 잠재적인 고객의 알 권리를 위해서라도, 조리모를 쓰고 고객대응과 머리카락에 신경쓰는 등 가게의 개선을 위해서라도 남깁니다.
더보기"
키와미 대치점,100,"여긴 다른사람들이 안왔으면 좋겠다.
맨날 츠케멘 다팔려서 못먹음"
키와미 대치점,100,"평일 2:30~5:30, 주말 3:00~4:30 브레이크타임이 있네요 ㅠㅠ"
키와미 대치점,100,"아니 3시이후에연다고했는데 무슨♪♩♬ 3시10분에 안열고 3시에열어요~ ㅇ러냐 
글고 오늘 몇시에하나 전화했는데 받지를않인 무슨ㅗ"
옹헤야불백 강남역1번출구점,80,간이 쎄지 않아 좋았음
옹헤야불백 강남역1번출구점,80,"밥 으로 간단하게 먹기 좋네요 ㅎ 
약간 싱거운것 같은데 소스 넣어 먹으면 알맞아요
가성비좋은 혼밥 혼술 돼지불백"
옹헤야불백 강남역1번출구점,80,간이 너무 애매
스시마카세 역삼점,80,우니품질이 좋아요. 스시 외 요리는 좀 더 퀄리티있게 다듬어지면 좋을것 같아요 디자인이나 구성이. 라이스는 제 취향은 아니었지만 생선들이 신선해서 맛있게먹었어요. 가격이 착하지만 주차가안되는건 아쉽네요. 주차비지원되면 좋을것 같아요.
스시마카세 역삼점,80,탁도훈 셰프님 덕분에 맛있게 잘먹었습니당! 근데 주차가 안돼서 GS빌딩에 만천원 내고 주차했어용
스시마카세 역삼점,80,잘 먹고 갑니다
후지,100,"대단한 곳입니다. 인당 20만원대로 고가입니다만, 맛과 서비스로는 웬만한 고급 호텔보다 훨씬 낫네요. 

사시미 한참 먹다가, 크랩이 한번 강하게 치고가고, 마무리 쯤에 불도장 국물을 마셨는데 아… 엄청난 내공과 맛이 느껴집니다. 코스 구성을 기가 막히게 하신 것 같습니다.

모두 룸이고, 서비스도 훌륭합니다. 서버 분들이 분위기에 맞춰 음식 서빙 중간에 대화에도 자연스럽게 참여도 하고 맞장구도 쳐주십니다. 상당히 고급 전통 식당 분위기 입니다. 회식이나 접대로는 따라올 곳이 없을 것 같네요.
더보기"
킨죠미야비,100,"가성비 좋고
최근 다시 간 기념으로 평점 수정
자주 방문하게 될거 같아요
오너쉐프 직접 주방에서 만들어 주는 음식"
킨죠미야비,100,"여기 직원이 너무 불친절해서 가려다가도 주저하게 되는 곳입니다. 솔직히 음식 가격이 그렇게 저렴한 건 아닌데, 이돈을 주고 직원의 불친절함까지 겪어가면서 점심을 먹어야하는지 의문입니다. 기분좋게 식사하려고 나왔다가도 괜히 직원 눈치봐야하고, 맛이 그렇다고 그렇게 뛰어난 것도 아닌데 음식 나오는 시간도 너무 오래걸리네요."
히카리,60,가성비 매우 좋고 맛도 괜찮은데 챠슈? 에서 돼지냄새 꽤 강하게 났음 비위 약한 사람은 고기 못먹을수도 혼밥햐기에도 좋아 보였음 3.5 남기고 싶은데 없네
히카리,60,완전 혜자에요.. 맛도 좋고ㅠ 사장님 인심 후합니다!!
스시타카라,20,회 종류도 거의다 흰살 위주고 저희 일행은 다 별로라고 했어요
스시타카라,20,"이제 스시는 안하시고 활어회 인당 36000원, 참치+활어회 6만원 이렇게 운영하세요.겁나 맛있습니다.오뎅탕 대 사이즈 15000원인데 진짜 이자카야에서 파는 수준이었구요."
스시문,100,"스시먹고 돈아깝긴 처음이네요 
가격에 비해 구성이 너무 별로고 위에 올라간 생선도 숙성을 어떻게 했는지 맛이 진짜 없습니다"
스시문,100,"65,000원짜리 2명이서 총 12만원 오마카세 시켜먹었는데
진짜 별로입니다. 재료도 없는거같고 대충나오고 돈이 이렇게 아까운적처음입니다 ㅜㅜㅜ 그리고 방에 들어가 식사하는데 티비소리 엄청 크고 통화소리에.. 별로에요 ㅜ  돈이 너무 아까워요"
청담오뎅,100,"제가 가본 오뎅바중 단연코 최고.ㅎ 분위기며 음식, 특히 위생적인 신개념 오뎅바를 개척한듯한 소중한 맛집. 혼술도좋고, 여럿이가도 술맛나네요~ 사장님도 엄청 친절하시고, 찐으로 상냥하십니다~^^ 가볍게 술마시기에 최고네요 자주갈께요. 흥하세요~^^"
청담오뎅,100,분위기가 너무 좋아서 추천합니다
유끼스시,100,초밥이 신선하고 맛이 매우 좋네요. 생선구이와 우동도 맛이 일품입니다. 나만 먹기 너무 아까워서 가족모임을 할 계획입니다. ^^
유끼스시,100,음식이 늦게나오고(20분정도) 신선도와 구성이아쉽네요
스시노스시,100,육회초밥 존맛인디..?
스시노스시,100,꽤 만족스럽습니다! 다시 시켜먹을 의향 있음
스시노스시,100,다 좋은데 대치타워 주차장 영감새끼 정말 맘에 안드네요 물어봐도 대꾸도 안하고 ㅉㅉ 주차 사무실에 있는 인간 때문에 재방문 안하렵니다.
멘야미코 청담역점,80,"신동민 쉐프가 운영하는 내공이 탄탄한집.
메밀소바를 시켰다.
육수 맛이 적당히 깊고 깔끔하다. 
육수에 얼음을 안 넣는 것이 좋았고, 온도도 좋았음. 
그리고 면의 식감이 적당히 저항감이 있어서 직접 반죽한 면의 식감이 나는 것도 좋았다.

점심 시간에 사람이 많은 것은 아쉽지만, 이쯤 되면 다른 메뉴도 궁금하다. 

+ 직원 분 친절하심
더보기"
멘야미코 청담역점,80,"카라아게 우동세트 먹음. 청담이라 그런가 좀 비쌈. 근데 먹고나면 납득이 가는 가격인듯? 우동 국물 때문에

우동 국물은 첫맛은 정말 감칠맛+가쓰오부시 향 폭발
이후에 계속 먹으면 감칠맛이 혀를 때려서, 짜고 다 먹은 뒤 물 엄청 마시게됨.

카라아게는 유자향이 맴도는것 빼고는 평범. 바삭한거  좋아하는데 아니였음.

담에 가면 삼겹우동인가 그거 먹을듯
더보기"
멘야미코 청담역점,80,"내부는 작은데 친절하고, 맛도 좋아요."
그림나베 학동역점,80,가격은 강남강남했지만 심심한게 딱내입맛 뜨끈하고 속편한거 생각날때 또갈듯 조용한분위도 좋음
그림나베 학동역점,80,고기퀄은 그닥.. 평범한 맛
그림나베 학동역점,80,"추운겨울에 나베 최고져 카라아게도 맛있었어요
마지막에 죽은 간이 짜서 많이 못먹었지만 전반적으로 만족합니당 
화장실이 공용이라 재방문은 잘 ㅠㅠ.."
마이니치라멘,80,닭육수 국물이 진해서 좋아요. 차슈는 촉촉말랑하고요. 닭백숙의 두 배 정도 되는 농도가 부담스러운 분도 계시겠지만 전 고기향 진한 걸 선호해서 극호했습니다. 시오토리파이탄 시켰는데요 고명으로 안에 들어간 채소가 뭔지 이름은 모르는데 국물이랑 아주 잘 어울립니다.
마이니치라멘,80,"짜고 차슈 탄맛 남
직원분은 친절하심"
타다이마,40,공지는 좀 미리..
타다이마,40,내 사랑 타다이마!
와려,100,대박입니다~ 번창하세요
와려,100,"+토마토 관자랑 유자 샤베트는 사진이 없네요ㅠ
속이 안 좋아서 잘 못 먹었는데 매실도 주시면서 계속 챙겨주셔서 너무 감사했어요
다음에 갈 때는 꼭! 다 먹어보겠습니다 ㅎㅎ

솥밥이 제일 맛있었어요!
더보기"
와려,100,"솔직히 평이 왜 좋은지 잘 모르겠어요.. 미들급 스시 정말 많이 가봤는데 체계없다고 느껴지는건 처음이었습니다. 오마카세 가면 언제나 셰프님들은 손님들 있는 자리를 지키면서 집중했는데 여기는 계속 부엌에 들어갔다 나왔다 하셔서 정신없었고 편안히 맛을 음미하기가 어려웠네요. 그래서인지 몇개는 맛있었지만 전체적으로 평가했을때 맛이 있는건지 잘 모르겠어요.
더보기"
갓포마코토,100,"나베가
별로
특히 한우7만원 나베는 들깨 넣는지  모르겠지만
개운한 맛이 없어요."
갓포마코토,100,여기 왜 평점이 낮죠..? 모든 메뉴 다 맛나구 평이 아쉬울 정도에요 특히 우니파스타 한우육회 진짜맛나요 더 흥하세요!!
오네짱돈카츠,60,무난해요
오네짱돈카츠,60,맛있어요
무니,100,"가격대비 평범한 미슐랭 다이닝.

비싼 식재료 쓰는건 아니고
맛이 특별하거나 새로운 것도 아니고

20에 가이세키 오마카세?
스시 오마카세에서 가이세키나 츠마미 먹는게 낫다.
더보기"
무니,100,Masterpiece
스기타마,60,"맛있고 분위기 좋은데 좀 불친절하세요 ㅠ 
안주 좀 여러가지 시켰는데 여기 사케바라고 바쁘다고 눈치를 좀 주셨습니다 ㅎㅎ…"
스시유리,100,"오픈 초기 좋아하는 곳이었으나... 구성이 전부 다 콜드 콜드 콜드... 속을 달래주는 메뉴가 하나도 없어서 도중엔 비리고 거북하다고 느끼기도 했습니다. 와인잔도 보기에는 이쁘지만 퀄리티가 떨어지는 모조 작품들을 쓰시는 건지 리델 파토마노인가 했지만 쥐어보니 아닙니다. 너무 두꺼워 청량감도 떨어지고 잔을 다른 걸로 재요청드렸을 때에도 만족스럽지 않았습니다. 서빙하는 분도 굉장히 불편했고요... 와인이든 사케든 레이블 좀 보여주고 한 마디라도 하시고 행동하시든가 했으면 좋겠습니다. 개선되어 원래 업장의 모습을 되찾으시길 바랍니다.
더보기"
역삼동참치,20,"영수증 확인시 먹지 않은 토닉 및 레몬이 들어가 있어서 이상하다 말하니 카운터에서 누가 잘못찍었니 하며, 괜시리 무안줌

식사 후 꼭 영수증 확인 하세요.

양심있게 장사 합시다.

일부러 기다려서 폰둔 4천원 받자고 기다리고

다시 드리고 나온거 아닙니다.

느끼시는게 있었으면 좋겠습니다.
더보기"
역삼동참치,20,"회식장소로 예약했습니다. 회식장소를 고르는 것이 얼마나 어려운 중책인지 깨닫게 해준 곳입니다. 제 나이 서른 회식장소로도 개인적인 용무로도 다시는 가고 싶지 않은 곳입니다.
저혈압이신 분들도 매장 가시면 고혈압으로 나올 곳입니다.
아래 리뷰에서 많이 언급되는 여자분이 정밀 말도 안되게 무례합니다. 요식업이 사람장사라는 것을 다시 한 번 깨닫게 해주는 곳이며, 네이버 평점에 속지 말고 꼭 카카오 리뷰를 봐야함을 깨닫게 해준 곳입니다
더보기"
역삼동참치,20,"아래분 별점 알바같은데, 여자분 들어와서 술얻어먹고 자기 할말만하고 개빡쳤습니다. 진짜 리뷰 안남기는데 아래 별점 5점보고 빡쳐서 남깁니다."
청담하게 본점,100,모든 요리가 맛있어요
청담하게 본점,100,맛있어욤  ❤
소소한 식당,20,불친절
스시류 일원점,20,"너무 더럽습니다. 직원이 테이블 닦을 때 심상치 않았어요. 물티슈 2개 달라고해서 직접 닦았는데, 두개 앞뒤면 다 시커멓게 나오길래 할 말 잃었어요. 

데려간 둘째아이는 초밥을 좋아해서 기대에 부풀어 있길래, 그앞에선 숨겼습니다. 동네 주민이라 잘 압니다. 동네 스시집이 없어서 항상 사람이 많은 집이에요. 그럴수록 신경써서 영업하시면 좋겠어요. 나오다 말씀드릴까 했는데 바빠보이셔서 관뒀습니다. 사진 올리면 너무 파장이 클까봐 참습니다. 더 나은 스시류되기 부탁드려요. 

방금 먹고 나왔으니 누군지 아실겁니다. 허위 비방 의도 전혀 없습니다. 개선되길 바랍니다.
더보기"
스시류 일원점,20,"본점으로 갔더니 옆에 있는 분점으로 가라고 해서 갔어요. 생선초밥을 시켰는데, 밥에 끈기가 하나도 없어요!! 밥알이 알알이 우수수 떨어지고, 윤기가 하나도 없고!!! 생선은 쪼가리!!! 스시집 많이 가봤지만.... 다신 가고 싶지 않네요 !!"
스시류 일원점,20,이젠 안감~
이강인 참치도매상,100,일단 한번 가봐요 추천함
조리인,60,그냥 .. 단체모임하기 적당.. 그냥뭐.. 이동네에서 꽤 오래된 곳이니까..
조리인,60,"맛은 있는데 엄청 맛있는지는 모르겠고
적당했던 것 같음 가격대비는 아쉬운 듯함"
조리인,60,맛은 나쁘지 않으나 오마카세 생각하고 방문한다면 응대에 실망할 가능성이 높음! 20대 외국인 직원들이 서빙해주는데 설명에 서툴러요.. 아 그리고 조금 시끄러운 편입니다
우오하나,100,흑임자 가라아게 우마이!
우오하나,100,차돌박이탄탄나베에 우동사리 추가해서 드세요. 맛있어요.
미도리,100,양재 평정한 초밥집
미도리,100,"회 진짜 싱싱하고 맛있었음.
우동 튀김 초밥 세트가 23000인데
우동 국물도 직접 우린 가쓰오부시 맛으로 고급지고 튀김도 갓 튀긴거고 초밥 퀄리티 진짜 좋음. 장어 맛있는거 봐서는 장어덮밥도 맛있을 듯. 아 진짜 맛있다
아 사장님 진짜 번창하세요 ❤️ 완전 맛집
더보기"
미도리,100,"재방문의사 없음
믿고보는 다음맵 별점 1점 평점
재료가 안신선함"
쿠시아게진,60,"생일 기념으로 방문
접객도 좋았고 튀김도 바삭하고 느끼하지 않아 만족스러웠습니다. 본래 비위가 약해 비린 것을 잘 못 먹는 편인데 굴튀김은 맛있게 잘 먹었습니다. 
다만 튀김 코스요리이라 먹다보면 이내 배가 불러 메인급 튀김을 먹을 때 쯤 배가 부르더군요. 양이 적은 분들은 완급 조절이 필요할 듯 합니다.
그리고 배경음악을 좀 더 차분한 음악으로 하면 좋을 것 같습니다. 시대별 팝이 나와 반갑기도 했으나… 분위기에 더 잘 어울리는 노래들이 있을 듯 합니다.
더보기"
쿠시아게진,60,"냅킨이 없어요. 쿠시아게특성상 튀김가루가 옷에 떨어지는데
무릎위에 올려놓고 먹을수있는 냅킨도없고 , 마스크 보관봉투도 없어요. 심지어 옷장에넣은 겉옷을 제가 직접찾으러 가야했습니다. 샐러드나 소스를 다먹었는데도 더 필요한지 물어보지도 않고 식사중 흘린음식도 그대로 방치합니다.
고객의 상태 확인하고 식사환경을 쾌적하게 해주셔야하는데 그런서비스면에서 아쉽습니다. 바에서 룸으로 음식이 나갈때 직원통로가 아닌 바 모서리에서 식사중인 고객옆으로 ""실례하겠습니다""라는 말을 계속 반복하면서 음식을 나르더군요
실례되는 행동인걸 알면 계속하면 안되죠. 
식사도중 계속 신경쓰였습니다. 몇몇 음식은 음식에 대한 소개도 생략후 ""ㅇㅇ입니다"" 라고 하셨어요. 옆좌석 손님이 재료가 뭐냐물으니 소고기라고 말씀해주셨는데 듣기전까지 제가먹은 음식이 어떤재료로 사용되었는지 모르고먹었네요
그리고 굴튀김 나오기전 딜레이 너무 심했습니다. 식사흐름 다 끊겼어요. 물론 귀여운비쥬얼에 당연히 오래걸리는걸 이해하지만 플레이팅은 미리 준비해서 시간단축하시는게 좋을것같아요. 
전체적으로 만족스러운 식사와 친절한 직원분들이셨어요
제일 맛있었고 기억에 남는음식은 굴튀김과 라멘똥냥국 이었습니다
바다의 향이 느껴지는 부드러운굴튀김은 환상적인맛이었고 라멘똥냥국은 짬뽕같은향에 깊고진한 라멘같은 국물이 칼칼하면서 속이 뻥뚤리더군요. 따끈한 쌀밥이 생각나는 맛있는 국물이었어요^^
우니가 올라간 김밥튀김은 우니의 신선도가 떨어져 아쉬웠어요
우니, 비렸습니다ㅠㅠ
그래도 특별한 음식들을 맛보기에는 좋았습니다
더보기"
쿠시아게진,60,물이 왜 유료?
동경규동 삼성점,20,덩치가 산만한 남자사장들이 장사를 하는데 음식을 개미오줌만큼 주고 있으니...ㅋㅋ 13000원짜리 세트시켰는데 내거 아닌줄ㅋㅋ 돈까스 튀김옷은 축축허게 젖어있고 고기는 뻣뻣하고ㅋㅋ 냉모밀은 시판쯔유에 물타고 설탕만 쳐도 그거보다 맛있겠다는...ㅋㅋ 아오 장사를 장난으로 하고 있네ㅋㅋ 더 웃긴건 밥은 고봉밥을 주고 있네ㅋㅋ
동경규동 삼성점,20,"냉모밀 먹지마세요. 밍밍하게 맛없음. 면추가로 먹었는데 면추가 안된거 같아요. 양이 엄청 적음. 덮밥류는 괜찮아요.

주문 누락했으면서 사과도 없고 뒤늦게 만들어 줌. 덕분에 동료들 다 먹을때부터 식사 시작
더보기"
동경규동 삼성점,20,"엄청 불친절하고 맨손으로 재료들 만지고 
딱봐도 비위생적으로 조리함 
마감시간쯤 갔더니 떡진 찰밥? 같은걸 뎁혀서 나왔는데 먹고 밤새도록 속 안좋음"
코코이찌방야 압구정로데오점,80,"남자분께서 친절하셨습니다.
여자분께서 친절하셨습니다.
매번 갈 때마다 알바분이 달라지는 거 같은데, 일관되게 친절하신 걸 보면 매장 측에서 신경을 쓴 것 같다는 느낌이 듭니다."
코코이찌방야 압구정로데오점,80,맛있었음. 전에 갔었던 코코이찌방야 종로점 만큼의 느낌은 아니였음.
히로야,20,"3번 가서 하나씩 다 먹어봤습니다.
#라멘 : 정말 평범한 돈코츠 라멘입니다.
#카라탄멘 : 비쥬얼과 달리 전혀 맵지 않고... 이렇다 할 특징이 없습니다..
#스프카레라멘 : 살짝 칼칼하면서 카레맛이 납니다. 다만 카레맛이 잘 섞이지 못하는 느낌이 듭니다. 살짝 분말카레 맛도 느껴지고요. 들어간 고기와 국물이 꽤 기름진 편이라 호불호를 탈 듯 합니다. 겨울에 든든하게 먹기 좋을 듯 합니다.

맛과는 별개로 사장님의 접객이 불편합니다. 매장이 작아 자주 웨이팅이 걸리는데, 얼마정도 걸리는지에 대한 안내도 전혀없고 오히려 '지금 바쁘니까 좀 가라'라는 식으로 말씀하십니다.  

그리고 절대 계단이나 빌딩 현관에서 못기다리게 하십니다. 더운 날에도, 비가 와도 무조건 밖에서 기다려야합니다. 적어도 이유를 설명해주시면 다 알아들을텐데.. 일본분인건 알지만 한국말을 못하시는 것도 아니면서 그냥 나가서.. 밖에서 기다리라는 말만 반복합니다. 

잘 모르겠습니다. 다만 너무 고평가 된 집임에는 확실합니다. 서울에 이 집보다 라멘 훨씬 잘하고 친절한 집 많습니다.
더보기"
히로야,20,"日本人の店員さんの接客は丁寧ではなった。 「食べ終わったら待ってるお客さんのため 出て行ってください。」とか言う神経が分かりません。韓国語の問題ではなく、丁寧さの問題。店員さんたちとお客さんを呼ぶときに普段２名・３名？とか言います？日本語を分かっているお客さんがいることも気を付けてほしいです 。また、餃子は腐ったような味がして一度、衛生管理したほうが良いかと思いました。定員さんの立場で上からの目線はよくないと思います。もう二度と行きません。
일본인직원분 불친절합니다. “다먹었으면 다른사람위해서 나가주세요”라고 말하는 것은 처음보는 경우입니다. 한국어 문제가 아닌 정중함의 문제입니다. 점원들과 고객을 이야기할 때도 반말로 2명, 3명이라고 말씀하시는데, 보통 그런식으로 일본에서 말하나요? 일본어를 알고있는 고객을 위해 조심해주세요. 그리고 교자는 상한맛이 들어서 한번 위생관리를 하는게 좋다고 생각합니다. 점원분의 입장에서 윗사람의 시선을 갖는 것은 좋지 않다고 생각합니다. 다시는 가지 않을겁니다.
더보기"
히로야,20,"너무 맛있게 먹고 나오다 물병을 들고 나왔네요 민앙;
왜 그랬는지 모르게 맛있었어요."
야기카레,80,"별점 좋아서 벼르다가 갔는데 손님이 하나도 없더라구요 ㅠ,,? 저는 기대한만큼 맛있었어요! 먹다보면 살짝 느끼하긴 한데 양이 워낙 많아서 그런 것 같기도 하고.. 강남역에서 카레 먹고 싶으면 여기 올 것 같아요"
야기카레,80,"10% 아쉬운맛
아비꼬를 못이길거같은 아쉬움
다만 수제느낌 뿜뿜, 양 넉넉해서 좋아요"
동경규동 선릉점,40,혼밥하기는 적당하나 맛 가성비는 별로... 직원들도 불친절하고 두번은 가고 싶지 않음
동경규동 선릉점,40,진쨔야야야ㅑ야 맛있잖아오오오
동경규동 선릉점,40,"김치치즈규동은 물린다. 치즈는 맛있었다.
가격 비싸다.
가라야게 노란 지방이 씹혀서 느끼하고 냉모밀 소자는 괜찮았었는데 식사로 먹으면 소스가 진해 많이 달다. 야채튀김은 호박당근이 달아 안 어울려서 빼놓고 먹었다."
땀땀 갤러리아백화점웨스트점,60,덮밥은 현지식 같음
땀땀 갤러리아백화점웨스트점,60,"가격대가 살짝 비싼 것 같음.
하지만 고기 / 곱창 양이 많은 편. 무난합니다.."
땀땀 갤러리아백화점웨스트점,60,"7:50분에갔는데 8:30분 마감시간이라며 마감시간30분전  주문끝났다며 주문 안받아요
다른곳은 다 받던데요;; 
삼십분전이아니라 40분 전 아닌가요?
다신안갑니다"
정참치,20,"참치 자체의 질은 괜찮으나
블로그 질을 너무 많이한 곳

과대 포장되어 있는 것 같음"
정참치,20,최근 리뷰보고 좀 걱정했는데 친절하셨고 엄청 잘 챙겨주셔서 맛있게 먹고왔어요
정참치,20,"올초에는 괜찮았는데 여름 이후로는 서빙도 늦고, 정식 순서도 뒤죽박죽이네요
룸에서 거의 1시간 기다려도 appetizer 하나 줄 생각을  안 하네요 ㅎ
오늘은 사시미정식에 초밥도 안 줬네요
점점 쇠퇴하는 느낌입니다"
야신,60,갈때마다 사장님이 너무 재미있게 맞아주셔서 기부니가 좋아욬ㅋㅋㅋㅋㅋ맨날 가고 싶은데 그럼 내 통장 텅장.........쥬륵.... 웬만한건 다 먹어본거 같은데 다 맛있어서 매번 뭘 시킬까 고민... 술 마시고 맨날 화장실 키 못 찾고 여쭤봐서 죄송해요 사댱님ㅋㅋㅋㅋ하이볼도 소주도 후레시? 조명? 라이트? 달아주는거 늠나 죠음❤️
야신,60,"혼술하러가던 친구들이랑 가던 항상 맛있게 먹고 놀다와요~~~ 
하이볼에 닭꼬치 짱맛!!!!! ㅎㅎㅎㅎㅎ
단골할래요~~!!"
어성,80,"배부르게 잘 먹었음
분위기 너무 무겁지도 가볍지도 않아 좋았음"
어성,80,"가성비 좋은 압구정 오마카세 
좌석 마다마다 칸막이가 있어서 좋았고 구성도 굿.. 삼치가 개인적으로 베스트 
참치류는 약간 느끼했고 광어는 약간 오징어 느낌이라 그닥이었다
미니 카이센동도 주고 후토마끼에 디저트에 튀김까지 줘서 알차고 배부른 구성
더보기"
어성,80,"가성비 진짜좋은집
분위기도 좋아서 손님과도 갈만하다"
산쪼메 압구정역점,100,역시 믿고 먹는 산쪼메 어느지점을 가도 항상 맛있음
산쪼메 압구정역점,100,이렇게 불친절한곳 처음봄
산쪼메 압구정역점,100,"별하나도 아까움~~
불친절하구
반숙달걀이 쉬었음~~

다신 안감~~
더보기"
미미면가 2호점,80,"고등어온소바 먹었는데 국물이 맛있었어요
식초만 조금 넣으면 더 좋아요"
청담로바,80,여기는 플레이팅+스키야키 맛집
청담로바,80,"매우 친절하긴한데 가격대비 맛은 쏘쏘해요
해물우동이 특히 실망이 컸어요
가츠산도는 너무 커서 먹기 불편했어요
청담이라 값이 비싼 건 감안하겠는데 맛까지 그냥 그래서 비추입니다"
하루엔소쿠 자곡점,100,"요즘 최애 동네 맛집입니다 
사장님 넘 친절하시규 돈까스 너무 마싯오요"
하루엔소쿠 자곡점,100,"모밀정식 주문하고 미니돈카츠 먹자마자 후회했습니다
이건 돈카츠 정식으로 음미해야 했는데 ㅠㅠ
한 입 먹자마자 놀랐습니다
돈카츠를 먹으며 감동을 느꼈어요 ..."
스시롭다,100,김밥 달달 핵존맛
스시롭다,100,손님의 편의를 위해 많은걸 생각한 것이 보임. 주차 흡연실 룸 등등 음식도 괜찮고 내부도 깔끔함
스시롭다,100,음식 나오는데 오래 걸리고 직원 응대도 불쾌하고 맛은 그저 그럼
봉초밥,80,"초밥 전에 샐러드부터 다 먹으면 마기도 하나 주신다. 맛있게 먹었음.
물가 자체가 너무 올라서 가격 오른건 어쩔 수 없는듯.."
봉초밥,80,"부들부들한 맛임
연약한 맛
맛있음"
봉초밥,80,학원가 근처 밥먹기 좋아요 !
대사시미 강남점,60,가성비가 떨어짐 강남역 앞에있다는 장점말고는...
대사시미 강남점,60,"가격대비ㅡ별로
가성비 좋은 3.5짜리 오마카세를 5.5에 파는 집일 뿐"
대사시미 강남점,60,괜찮아요. 자연산이 많고 살살 녹음~
달아,100,굿굿 넘나 맛저요 !!
달아,100,"사장님이 직접 눈 앞에서 음식을 만들어 주시는데, 음식에 정성이 담겨있는게 보입니다. 가끔 철판 스테이크가 생각나서 종종 들리고는 합니다ㅎㅎ"
비코드라운지,100,신나는 라운지! 친절하고 좋아요
비코드라운지,100,압구정로데오에서 가장 핫한 라운지펍
비코드라운지,100,현시점에서 압구정로데오에서 가장 핫한 라운지입니다. 친절하고 재미있고 좋아요.
야마야 강남N타워점,100,쬬죠죠죠죤맛!!! 모츠가 좀 느끼하지만 그게 매력이라구옷
야마야 강남N타워점,100,명란 최고 존엄.. 오차즈케도 너무 맛잇음...
야마야 강남N타워점,100,일요일 영업 안 함
무아,100,눈과 입과 코까지 모든게 만족스러운 시간이었습니다
무아,100,가격이 좀 사악해져서 굳이 이 돈 내고 이 맛을 보러 갈 필요가 있을까?란 생각이 든다. 플레이팅은 이쁜데 인스타그램에 올리기에는 좋다. 맛이 없는 것은 아닌데 특별하지 않다.
무아,100,쉐프님들 및 매니저님 친절하시고 서비스도 좋았습니다. 물론 모든 음식 맛도 있고요. 밥 종류가 특히 맛있었습니다. 페어링을 했는데 술 맛이 조금 아쉽네요. 그래도 좋은 시간이었습니다.
강남철판요리,100,퀄리티.친절 모두 최고였습니다. 기회가되면 다시 방문할겁니다.
강남철판요리,100,셰프님도 친절하시고 쇼도 화려하고 음식도 괜찮았어요. 즐거웠습니다.
스시레이와,80,맛있음! 간이 좀 쎈느낌!
스시레이와,80,강남에서 오랜만에 정말 맛있는곳 찾았습니다 감사합니다 쉐프님!
스시레이와,80,돈내고 눈칫밥
이도,80,"주류 필수에 서빙이 성의없다는 후기가 많았지만 방문해보니 서비스도 나쁘지않고 나름대로 맛있습니다. 평일 방문이었는데도 만석이라 회전율도 좋고 사시미 ,마끼 맛있어요"
이도,80,고급스러운 일식 먹고 싶을때마다 가는 곳
당옥,100,카츠산도 맛잇음.
당옥,100,딸기빙수 크고실하고많고달고 짱
야사이마끼쿠이신보,40,맛이 별로였음…. 소주 8000원은 뭐 한국에서 일본으로 수출한거 역수입하심?
야사이마끼쿠이신보,40,분위기도 좋고 꼬치 정말 맛있어요. 하이볼이 조금 밍밍한 게 아쉬워요.
야사이마끼쿠이신보,40,기다릴만큼은 아님
어원,100,가격대비 푸짐해요..맛도 좋아요.
어원,100,"회가 싱싱하고 맛있어요!
친구 추천으로 가봤는데 추천할만 합니다. ^^"
개포수산,40,"깔끔하긴한데 양이 적어서 추가시키면 결국 비싸지는ᆢ
그러고도 집에 와서 라면이라도 끓여먹어야 배가 차는ᆢ
아쉬운집.
이름도 바뀌었고,가격도 모듬이 4만9천원으로 8천원 인상.
소주 5천원.
콩나물 5가닥 든 국물이 나오는 것 전부.
참 야벅하구나.
더보기"
카츠오우 도곡점,100,돈까스랑 사이드 카레 둘다 맛있어요!!
카츠오우 도곡점,100,계속 찾던 곳이었는데 이게 안심맞냐고 두번이나 물었는데 여자분은 보지도않고 맞다고 하시고 남자분은 다시 튀겨드릴까요 하셨는데 됐다고 했습니다. 제가 안가는게 나을듯..
카츠오우 도곡점,100,직원분들이 너무 친절해서 좋아요!
산다이,100,"깨끗한 분위기에 맛있는 요리 ~~ 
사장님 !! 
대박 나세요 ^^"
키친바락,100,"추천하는 건 모든 메뉴인 곳이예요. 고기가 가득한 통오징어찜은 토마토소스와 바질이 진짜 잘어울리고요. 고등어초절임은 비리지않고 적당한 숙성과 술한잔 너무 환상적이고, 대게내장 고로케는 말필요없는 필수 메뉴입니다."
키친바락,100,"가격대는 좀 있으나 맛은 좋음, 술도 많은 편이고 분위기 있게 즐기거나 팀단위 회식으로 좋음
단, 양 대비 금액이 높은 편이므로 2차로 오거나 법카를 들고 오자"
양꽃 양갈비,100,분위기도 좋고 친절하고 맛있네요
양꽃 양갈비,100,"괜찮은 집입니다.
맛도 좋고, 친절하고..."
고급오복수산,60,참치에서 비린맛이 좀 났어요ㅠ 첨에 비해 맛이 조금 아쉬워졌지만…그래도 위치 접근성은 좋아요
고급오복수산,60,맛있었어요.
고급오복수산,60,ㅇㄷ
군산횟집,80,"저는 괜찮았는데 다른 분들은 안좋으섰나보네요
둘이서 정식? 시켰는데 베부르게 잘 먹고 왔습니다. 재료들도 신선했어요!

지하 주차가 거의 불가능해서 남들하는것처럼 맞은편 길가에 그냥 세워야합니다.
더보기"
군산횟집,80,가성비가 굿입니다.
군산횟집,80,"사장님은 정말 착하시나 주말 저녁에 일 하시는 아주머니가 놀랍네요.. 사장님 있으실때랑 없으실때 태도가 바뀌는게 소름 돋았어요 메뉴판에 초밥 써놓고 바빠서 못해주는다는게 말인지.. 사장님도 꼭 보셨으면 좋겠네요 스끼다시 더 달라고 주문 해도 세상 귀찮은 표정으로 와서 그릇 가져가고 아무 말 없이 먹는 도중에 턱 내려놓고 여러가지로 내 돈 쓰는게 아까울 정도였네요 기분 나쁜 서비스를 받아서 인지 맛도 그냥 그랬습니다..
더보기"
네기스키야키,80,가격이 전혀 아깝지 않게 충분히 맛있고 고급스러웠습니다!
네기스키야키,80,"고급스럽고 맛있어요

스키야키의 진수를~!!"
수다 청담점,100,"평점이 조작되어 있는 건 별점 준 계정들의 후기 개수와 평균 평점을 보면 바로 알 수 있습니다. 설거지도 제대로 안되어있고 깨진 접시에, 차갑지도 맛있지도 않은 생맥주였어요."
가덕도횟집,100,"쫄깃하고 ᆢ진짜 남해안 회 맛이네요
맛있어요"
가덕도횟집,100,회가...회가.....달아요.....개꿀맛
바다풍경,100,바다의진미를 느낄수 있습니다.
전주현대옥 서울강남대로점,80,전주 본점도 짜긴 하지만 콩나물과 밥을 셀프로 추가할수 있어 커버하는데 여긴 그냥 매우 짠걸로 끝.  좋은 점을 찾을수가 없음.
로바타라이브라,100,맛있음
로바타라이브라,100,괜차는딩?
오젠,100,좋은 식당입니다.
신사거문도,20,코스말고는 비쌈.
신사거문도,20,"이런 일반 횟집이 요샌 많이 줄고, 갓포요리집이나 스시집들이 많아져서 그냥 한국식 활어회 먹고 싶을 때 가기 좋네요..회도 푸짐하고 맛있어요. 다만 접시에 얼음에 랩이 씌워져 있는데, 얼음 녹으면서 사시미에 물 섞이지 말라고 한거 같긴 한데 설마 그거 냉동실에 넣었다가 제대로 안씻고 재활용하는건 아니겠죠? 

그리고 고급일식당은 아니지만 그래도 가격이 적지는 않은 가격댄데, 제발 수저좀 그냥 수저통에 넣어두지 마시고, 종이커버 씌워서 개별적으로 좀 주시면 좋겠어요..이 사람 저사람 어떤지도 모르는 손으로 수저통에 수저 만지고 헤집었을텐데 한국도 최소한 이런 정도 위생개념은 좀 가질 때가 되지 않았을까요
더보기"
신사거문도,20,"양아치 식당
절대 가지말아야할곳"
오뎅 n 카레,100,"메뉴 하나하나 다 맛있고 정성스럽습니다.
점심에 주력으로 판매하는 카레도 너무 맛있고, 저녁엔 다양한 안주 메뉴 판매하는데 기본적으로 음식 솜씨가 좋으신 것 같아요!
사장님 부부가 소소하게 운영하시는 것 같은데 큰 욕심 없이 맛과 질로 소신껏 장사하시는 것 같아서 더 좋아보입니다. 앞으로도 자주 방문할게요^^
더보기"
오뎅 n 카레,100,카레가 맛있고 사장님이 친절하십니다!
오뎅 n 카레,100,"튀김이 바삭하고 플레이팅이 너무 깔끔합니다.
유일한 단점은 종업원이 적어 빠른 회전이 안된다는 거? 여유있게 식사하기엔 좋을것 같지만 점심시간에 가기엔 각오를 해야 할 듯"
토리니쿠 역삼점,100,항상 맛있게 먹고가는 곳
유키즈시,20,"평점 보고 갔는데 너무 실망이 커요
맛있는건 5점 만점인데 1점짜리들이 너무 많아요 ㅠㅠ
우니랑 새우랑 해서 비빔밥처럼 한뒤에 김으로 싸먹는거 완전 최악이고
첫번째에 나온 그 튀김도 냉동식품 맛있는게 이거보다는 맛있겠다 싶었어요 ㅠㅠㅠ

문제는 이것 뿐만이 아니라 전체적으로 적초샤리의 간이 너무 쌔서 입에서 계속 초맛이 맴맴 돌아요 녹차랑 미소된장국도 그걸 중재하기가 힘들어요. 지금 이걸 쓰는 도중에도 초맛이 맴맴 도네요. 물론 처음에야 적초샤리가 맛있죠 근데 계속 나오니 먹기가 힘들더라구요. 이걸 중재해줄려면 중간중간에 완전 익힌 것들이 나와줘야하는데 살짝 비린맛 있는 날것들 주류에 적초샤리에 간장에 줄창이어지니 결국 마지막 녹차아이스크림이 제일 좋구나 하는 생각 뿐이었습니다 ㅠㅠㅠㅠ
더보기"
유키즈시,20,"최고의 가성비,,, 주기적으로 가줍니다"
참치공간,100,"처음갔을때 너무맛있게먹엇고 재방문시 실망한곳
첫번째가 너무좋앗긴함
솔직히 그냥 디너때도 참치회 포기하고 스시오마카세만하면 오히려 더갈듯"
참치공간,100,분위기도 좋고 맛도 최고예요
참치공간,100,"역대급
 존맛이고 지금까지 먹어본 스시오마카세 탑티어"
스시장종현,40,"예전에 맛있게 먹어서 갔는데 스시장종현에 장종현 셰프는 없고 다른 셰프님이.. ㅎ? (미리 공지해주면 좋았을것을) 
12만원 내고 진행도, 네타들도 세상 별로였어서 재방문의사 앞으로 없음."
스시장종현,40,친절한 설명과 완벽한 샤리까지. 맛있고 배부른 식사였습니다. 주차는 건물앞 발렛가능.
식탐가,80,좋아요
식탐가,80,라멘 전문성 제로..
식탐가,80,돈까스가 맛있음
순남시래기 역삼점,60,대체적으로 맛있어요
순남시래기 역삼점,60,보쌈정식
순남시래기 역삼점,60,"맛은 괜찮은데 가격이 비싸서,, ㅠ 
곱창 시래기국 한 그릇에 만이천원은 비싸네욤"
김태완스시 대치본점,100,"김태완스시 대치본점 초밥도 회덮밥도 너무 싱싱하고 맛있어요
초밥이랑 회덮밥 모두 회가 싱싱하고 밥은 부드러워요
함께 서비스로 주는 샐러드도 소스가 새콤달콤한게 너무 맛있어요
심지어 단무지도 맛있어요 ㅎ
우리 아들들은 초밥 먹을때 무조건 김태완스시로 가자고 해요 ^^
직원분들도 모두 친절하시고 좋아요
한번은 혼자 가서 회덮밥 한개 시켜먹는데도 서비스초밥을 주시더라구요
서비스초밥은 새우초밥이었는데 너무 맛있었어요 ^^
친절하고 맛있는 김태완스시대치본점 계속 맛있게 부탁드리고 계속 대박나세요
더보기"
김태완스시 대치본점,100,알밥과 돈까스 맛있어서요~ 싹싹 해치웠습니다:)☆
하늘담은시래기땅품은청국장,60,시래기도 팔고 청국장도 판다. 나쁘지 않지만 옆집의 아우라에 밀리는 감이 없잖아 있다. 여기도 점심에 가면 사람 많다.
하늘담은시래기땅품은청국장,60,"밥은 맛있었어요
혼자 와서 문앞 작은 자리에 앉으라고 하셨는데요
문앞 자리는 2월 6도의 날씨에 정말 바깥에 앉아있는 느낌이더라구요
너무 추워서 담요라도 있으면 덮겠다고 달라고 했는데 없다고 하더라구요
다른 분들이 올까봐 안쪽으로 안내를 안한 모양인데 결국 제가 다 먹고 갈 때까지 빈 자리들이 있었어요
제 바로 옆자리도 비었는데 안 치우셔서 못 앉았구요
괜찮을 줄 알고 그냥 끝까지 먹은 제가 잘못한 거죠 
임신 초기라 안그래도 힘든 일이 많은데 반쯤 빈 식당에서 차가운 문가 자리에 혼자 앉아 먹으니 좀 눈물 났어요
혹시라도 겨울에 가시면 문앞 자리는 절대 앉지 마시고 
임신하셨거나 감기걸리신 채로 혼자 가시는 일은 절대 없으시길 바라요
더보기"
하늘담은시래기땅품은청국장,60,저렴한 가격에 먹을수 있네요
포도식당 압구정본점,60,친절은 한데… 콩나물국에서 철수세미가 나왔어요
포도식당 압구정본점,60,예전과. 너무 달라짐 ㅠ
포도식당 압구정본점,60,"오래 전부터 자주 애용하던 고객입니다. 최근 몇주 너무도 실망스러운 음식을 받게 되어 로그인했습니다. 오늘 저는 총 결제금액 7만 원 상당의 LA 소갈비구이, 항정살 구이, 비빔냉면을 배달로 주문했습니다. 최근의 원자재 가격 상승으로 양이 다소간 줄어든 것은 이해하겠습니다. 하지만! 오버 쿡 된 LA갈비와 지 좋을 대로 컷팅 된 항정살, 그리고 도저히 만 천 원짜리라고는 상상도 안되는 비빔냉면을 보고 도저히 화를 가라앉힐 수 없습니다. 블루리본 반납하시죠? 압구정 본점요? 간판이 바뀌었네요? 프랜차이즈 사업 준비하세요? ㅎㅎㅎㅎ. 이대로 프랜차이즈 꼭 하시기 바랍니다. 기왕이면 매장도 많이 열어서 초기 투자비용 많이 쓰시길 바래요ㅋㅋㅋㅋ. 고객은 바보가 아닙니다. 그동안 잘 먹었고, 다시는 보지 맙시다. 별점 하나도 아깝네요. 툇!!
더보기"
나즈드라비 본점,80,체코 음식과 코젤 다크! 이번엔 이 자리에 앉지는 않았지만 칙칙폭폭 기차가 날라주는 맥주를 구경하는 재미가 쏠쏠합니다. 다만 좀 시끄러워서인지 술을 안 마셔도 혼이 금방 빠지는 기분
나즈드라비 본점,80,"맥주 진짜 맛있습니다
코젤 시나몬, 코젤 레몬, 블랑, 호가든 강추에요

나즈드라비 피자도 상큼하니 너무 괜찮더라구요"
나즈드라비 본점,80,좀비싸긴함
교토일식,100,"여기 사장님, 사모님 정말 친절하고 양심적이십니다. 꽤 오랜 단골이라 전부터 회식, 가족 모임으로 잘 갔었는데 갈 때마다 최고네요. 더욱 번창하시길!"
교토일식,100,"이렇게 불친절하고 기분나쁜 경험은 처음이었습니다
점장님 말로는 일하시는 분이 조선족?이라는데 무슨 김밥천국도 아니고..
사람 깔보듯이 얘기하고 먹은거 맘대로 치우고..이게 무슨 경우인지
회를 제외하고 복튀김은 두번튀겼는지 기름이 번들하고 식사에 나오는 생선은 냄새가 너무 역해요
1인당 식사만8만원짜리였는데 최악의 경험이었습니다
더보기"
주성밥상,100,집밥 먹는 느낌 좋습니다!
주성밥상,100,다른테이블 처음반찬 다 가져다주면서 어려보이는 학생에겐 첫반찬부터 가져다먹으라는 식당. 명란알탕은 짜고 밑반찬은 달랑 세가지 김치도 없는 식당!
주성밥상,100,제육 맛있어요!!!
청담머구리,100,맛있었어요!! 사장님이 친절해요☺️
청라,100,청담역에서 하실 때 자주 갔었던 곳. 가게 이전하고 처음 왔는데 변함없이 정말 맛있다
청라,100,나만 가고 싶은 곳..... 사장님 오래 사세요 ㅎㅎ
청라,100,싱싱하고 서비스도 좋고 깔끔합니다.
고반식당 선릉점,80,"꽤 괜찮음
점심메뉴도 맛있음 컵라면도 줌"
고반식당 선릉점,80,"삼겹살 한점 먹기까지 오래걸리지만
오히려 좋아"
고반식당 선릉점,80,된장찌개 두부 상했어요
삼미집 청담본점,100,"대나발소라
아나고우니아보카도삼합"
삼미집 청담본점,100,한잔하기에 딱 좋음. 가성비는 딱히
삼미집 청담본점,100,분위기좋고 재료가 신선함
구르메,100,윤기좔좔 미쳐씀다
구르메,100,"여기도 망해가는구나 
가격있어도 맛집이었는데 이젠 이도저도 아닌
너무 아쉽지만 안녕"
구르메,100,"손님을 바보로 아는것도 아니고 
산낙지, 해삼, 멍게 주문.
해삼은 짰지만 낙지가 싱싱해서 
다 먹고 낙지랑 멍게를 또 주문했는데 낙지는 다 죽어서 거의 움직임이 없었다.
한개 먹어보니 약간 냄새? 난다 싶어 말했고,
새로 다시 주셨는데 정말 작은걸로 줌.
그리고 멍게는 지금까지 이렇게 뒷맛이 쓴 멍게는 처음 먹어 봄. 너무 써서 22000원 하는걸 반 이상 남기고 집에 온 지금까지도(3시간 넘음) 입이 써서 사탕에 아이스크림에 과일에 뭘 먹어도 쓴데 돌아오겠지?...
그리고 여자분은 두번째 갔지만 매번 무표정에 불친절.
다신 안간다
더보기"
란수사,100,1정도 아깝네요. 0.5점 주겠습니다. 다시는 안갑니다.
란수사,100,"저녁정식은 뭐하나 아쉬운거 없이 하나하나 다 맛있었고 간장게장도 정말 알이 꽉차서 좋았습니다. 다만 소주가 15,000원으로 비싼 느낌이... ㅎㅎㅎㅎㅎ 그래도 아주 만족스러운 식사였어요."
코지마,80,"가격대비 맛은 음....
너무 기대를 많이 했네요.
뭔가 음식에서 비린내 하나정도 났었네요.

맛깔나는 맛집 잘 찾아보시면 있어요....
더보기"
코지마,80,"☆스시오마카세➡️380,000원
☆에비수생맥주➡️15,000원


오늘 소개할곳은 대한민국 최고의 스시야로 평가 받고 있는 [코지마]입니다.

맛:코지마는 우리나라에서 가장 비싼 디너38만원의 위엄을 가진 스시야입니다.

✡에피타이저➡️대게,무화과,참께소스가 들어간 요리로 식전입맛을 돋구는데 좋습니다.

✡사시미➡️참돔(마다이)이 나오며 쫀득함과 감칠맛이나며 숙성도 좋음

✡전복➡️게우소스는 안나오고 자체적으로도 짭쪼름하고 탄력적인 식감과 부드러움이 함께 느껴짐

✡미루가이➡️아삭한 식감의 미루가이는 술한잔과 먹기 너무좋음

✡문어➡️온도감 있고 부드럽고 유자제스트맛이 약간 나며 끝은 씹는 식감도 있음

✡가쓰오➡️부드럽고 소금,와사비와 먹기좋음

✡갈치+파➡️부드럽고 향긋한 갈치와 파의 식감이 잘어울림

✡송이버섯➡️향긋한 송이향이 코를 자극하고 버섯자체 육수까지 나오니 입속이 즐거워짐

✡이소베마끼➡️아지의 기름진맛과 단맛 그리고 시소향까지 더해지니 술안주로 좋음

✡갑오징어스시➡️네타가 녹진맛이 아니라 신선했으며 샤리의 밥알굴림은 좋고 짭짤하며 숙성된쌀향이 매우 톡특하고 좋았음(쌀항아리에 장기간 숙성된 묵은쌀의 향이 느껴짐)

✡광어스시➡️쫄깃탱글함과 감칠맛 그리고 끝에는 짠맛이 올라오며 샤리는 쌀향이 기가막히고 단맛이 올라옴

✡아까미➡️네타는 부드럽고 짭쪼름함
샤리는 온도감있고 쌀의 묵은향이 나고 단맛이남

✡농어스시(스즈키)➡️네타는 쫀득한식감 샤리는 쌀향이 매력적

✡주도로➡️네타는 입에서 녹아 없어짐
샤리는 짠맛이나다 단맛이 나는데 쌀특유의 향이 안나네요.

✡보리새우➡️크기가 크며 약간 식어서 그런지 별감흥없음

✡전어스시➡️비린맛이 올라오며 마치 마른 멸치를 먹는 향이 익숙해서 반가움

✡우니군함➡️우니가 달고 김이 고소함 

✡가스꼬➡️부드럽고 기름기많은 네타에 짠맛이 담겨있고 샤리는 단맛이올라옴(작은도미를 소금에 절임)

✡시로에비➡️부드럽고 와사비와 쌀향 그리고 샤리의 단맛이 올라옴

✡오도로➡️기름진맛이 적당히 오며 짠맛이강해서 그런지 샤리에는 특이점없음

✡고등어사바➡️비린맛이 확오며 짠맛과 고소함도 올라옴 샤리는 네타에 가려진 느낌 이건 술안주로 먹어야함

✡미소시루➡️별다른 특이한점 없음

✡마끼➡️참치가 들어간 마끼로 첫맛은 기름기면서도 깔끔함속에 부드러운 참치의 짠맛도 함께올라옴

✡아나고➡️쥐포느낌나네요.

✡오이김말이➡️시소와 오이 깨가 들어가서 상큼고소함

✡앵콜스시➡️광어를 택한 이유는 특유의 샤리쌀향이 중독성있어서 선택함

✡디저트➡️폭신한 교꾸와 호지차 아이스크림

====================================
♧주소:서울 강남구 압구정로60길21
♧연락처:02-2056-1291
♧영업시간:12:00~22:00
♧주차시설:발렛가능
※런치오마카세200,000원/디너오마카세380,000원
※콜키지는 200,000원
※가게는 분더샵6층에 위치해있음
※런치12:00~14:30/디너18:00~22:00
※브레이크타임14:30~18:00까지
※일요일휴무,매월둘째,넷째 월요일,추석 연휴 설연휴 휴무
※예약방법은 매달1일 오전10시에 업장전화
※단골 접객이 더좋은것은 사실이며 이런점은 신규로 오는분들에게 다소 불편한점이 될수도 있음(추후 스시인 처럼될거같음)
※박경재 셰프님은/아리아께/스시초희/도쿄 기요다등을 거친 30년 경력의 셰프
※예전에는 사진촬영 불가였는데 지금은 무음어플을 깐 폰카는 가능
※시로미에 나오는 샤리가 특이하게도 숙성쌀의 향이 느껴져서 좋음
※히까리모노는 최대한 향을 살린 부분이 있음(한마디로 술안주)
※네이버 블로그 리뷰는 좋음
※네이버 영수증리뷰는 대부분 맛있다이며 접객에 대한 아쉬움/샤리 네타의 아쉬움/서비스아쉬움 있음

총평가:《서울 청담에 위치한 코지마는 대한민국 최고의 스시야입니다.

제가 바라보는 관점의 좋은 스시야는 자기만의 색깔이 담겨있는 스시야인데 이곳은 샤리의 쌀향자체를 살린것이 특별했으며 네타자체의 숙성도도 매우잘 살린곳입니다.

물론 접객에대한 평가가 그리좋은편은 아니라서 상대적으
더보기"
세청집,20,알바가 너무 불친절
세청집,20,불고기 비빔밥 맛있어요~
마코토 청담점,60,분위기 좋은데 몇가지가 조금 아쉬워요 ㅠ
마코토 청담점,60,직원분들이 친절은 하였으나 일을 너무 못해서 처음서부터 나갈때까지 불쾌한 식사였습니다. 큰실수가 있었음에도 불구하고 매니저님이나 점장님은 끝까지수습하러 오시지도 않아서 저희가 먼저 말을 꺼내야만 했어요. 인생 최악의 서비스 탑 3안에 드는거같아요.
강릉엄지네꼬막집 삼성역점,20,"앉아서 주문했는데, 우리 뒤에 들어온 팀이 더 먼저 주문해서
꼬막 다 떨어졌다고 30분 이상 걸린다고 함
그럼 뒤에 들어오신 손님에게 30분 이상 걸린다고 먼저 공지했어야죠
전 메뉴가 꼬막 요리인 음식점에서
꼬막이 한 팀 나갈 용 밖에 없는데, 손님은 두팀받고,
주문은 뒤 팀이 먼저했으니 30분이상 기다리라니요 

강릉집과 아예 다른집인 듯
메뉴판에 공기밥이 있는데
공기밥도 처음 주문할때든 추가든 그냥 주문이 안됌.
더보기"
강릉엄지네꼬막집 삼성역점,20,"사장님부부신것같은데 너무 친절하세용~~
어제 갔을때 제뒤로 들리던 새해복많이 받으세요
라는 말씀이 가슴에 남았습니당~^^"
화화,100,"어제 처음 가 보았는데 정말 좋았습니다.   음식, 친절, 그리고 프라이빗룸까지 모든면에서 대 만족이네요.  
여기 모임장소로 자주 이용해야 겠네요."
우와 가로수길점,80,일본에서 먹었던 오코노미야끼랑 야끼소바가 먹고싶어서 왔는데 너무 맛있었습니다~!
우와 가로수길점,80,"특별할 것 없이 아주 무난한 맛
직원분들은 친절하셨다"
우와 가로수길점,80,"아 미친 ♬♪♪ 맛있어요
면처돌이라 소바만 2개 먹었는데 클래식 바질 추천함다 저는 바질이 좀 더 취향이었어요
리뷰 안 좋아서 쫄아서 갔는데 웨이팅 도와주시는? 직원분도 그렇고 전반적으로 다들 친절하셔서 오히려 제가 더 안절부절했어여....... 중간에 안주로 고기도 시켰는데 오지게 맛있음.. 담에가면 바질소바랑 고기 시킬거임
더보기"
물조은선주집,20,"명성이 많아서 기대했는데, 기대가 컸던게 독이었을까요? 우선 가격이 예전에는 7.7만원이었는데 몇 달 사이에 9.9로 29%나 인상되었고 네 명이서 9.9만원 코스로 약 40만 원을 지출했음에도 불구하고 자연산 회 한접시(큰접시 아님), 리필 한접시 그리고 해삼 등 모듬 해산물 한 접시가 나오는데 이게 정말 40만 원의 값어치가 있는지 의심스럽습니다. 해산물 모듬은 기장의 4만 원 짜리보다 못하고, 자연산 회도 가락시장이나 노량진의 모듬회보더 결코 만족도가 높지 않습니다. 그냥 사장님이 들어와서 가자미 작은 거 몇 마리 썰어주는 퍼포먼스 보러 가는 곳 같습니다. 매운탕은 인당 한 그릇 씩 나오는데 가락 시장의 인당 6만원 짜리 코스보다 만족도가 낮습니다. 차라리 가락시장의 수동상회같은 곳이 낫습니다.
더보기"
물조은선주집,20,"최악의 경험에 대한 후기를 꼭 남기고 싶어서 카카오 댓글 처음 달아봅니다.

처음부터 불친절했던 종업원, 결국 금액도 과청구 했고, 다음날 환불 받는자리(직접 찾아감)에서 남는게 없다느니 이런 소리를 해대네요. 술마신 고객 상대로 과청구는 기본인가봅니다.

음식은 가격대비 너무 떨어집니다. 신선도  떠나서 말도안되는 양이 나오네요. 두당 9.9짜리 먹었는데 양이 너무 적어서 나와서 컵라면 사먹었네요. 이정도 가격이면 앵간한 오마카세도 먹을수 있어요.

종업원의 서비스는 대한민국에서 다섯손가락 안에 들만큼 불친절합니다. 사장님이 직접 하시는 이벤트도 있고 그런건 괜찮은데, 고용된 종업원들이 안하무인이네요. 직원들 교육좀 시키셔야할듯합니다.
더보기"
스미카,100,맛있고 맛있는
스미카,100,"닭마카세 🐓
입에 안맞는 재료도 있었지만 
다채롭고 재밌음"
우미노히,100,에약. 코스 13.0. 굿 JYP 건물 앞 협소. 굿
우미노히,100,Top-Notch Izakaya
본가스시 무역센터점,20,너무 비싸고 메뉴판도 안주고 접시를 헷갈리게 해놔서 덤탱이 씀 그가격이면 뷔페 가고도 남음
본가스시 무역센터점,20,맛있어서 코엑스 갈 일 있음 여기 꼭 들러요 존맛
고운님 삼성역점,100,"두 시 전에 가면 남도밥상 주문 가능.
인당 16,000원
가격 좋고, 맛 좋고
코엑스 가게 되면 복닥복닥 몰 안 보다 잠시 걸어서 맛나고 푸짐하게 여유롭게 먹을 수 있습니다.
더보기"
고운님 삼성역점,100,"소소
김이 아주 잘 구워져서 제일 맛있습니다.
조미료 강하고 약간 불친절"
야야참나무장작구이 논현점,20,한치 18000원...... ...............
야야참나무장작구이 논현점,20,소주 및 맥주 5000원
야야참나무장작구이 논현점,20,"신논현,,, 2~3차 근본집,,,
참나무 닭 장작구이,,, 무드,,,

행복은,,, 어디에나 있는 것,,, ^^  
@azossii
더보기"
스시초희,60,미들급 오마카세 중에서 무난한 정도. 인원이 좀 있어서인지 스시들이 좀 말라서 나온게 흠.
스시초희,60,ㅅㅅㅅ
스시초희,60,나쁘지 않으나 동네초밥집이 더 맛있는 싸구려 입맛인 나는 모르겠다
미미면가 본점,60,"깔끔하고 삼삼해서 좋았습니다 
자극적인 입맛이면 안 맞으실수도.."
스시와,60,"늘 초밥 하나씩 더 끼워주세요 ☺️
오늘도 잘 먹었습니다"
스시와,60,사장님 너무 좋으세요~^^
스시카와,100,스시오마카세 먹으러 종종 들르는 곳이에요 맛있고 가성비도 훌륭하다고 생각됩니다
스시카와,100,"메뉴 구성이 너무 좋았고
한마디로 감동적인 맛이에요
저렴한 가격은 아니지만 너무 만족스러워서
부모님 꼭 모시고 가고싶단 생각이 들었어요
다른분들은 평이 왜 낮은지 진짜 이해가 안되네요
재료도 다 신선했고 진짜 오마카세 가본중 
손꼽히는데..
더보기"
스시카와,100,오마카세
토프랜드,80,진짜 느린거 빼고는 완벽
토프랜드,80,친절하시구 진짜맛있어요 센스있게 반으로 예쁘게 잘라주시더라구요 자주먹어야겠어요^^
토프랜드,80,최고!!
칸지다이닝,100,됴타
쇼군 스타필드 코엑스몰점,20,아….배고프다고 막 들어가면 안됐는데…ㅠ평점이 낮은덴 이유가 있다 ㅠㅠ 무슨 장조림맛 나는 통밥에다 길쭉한 어묵은 아래 타있고 오로총? 의 차슈엔 돼지냄새가..불맛은 나지만 너무 불내서 심하게 불맛나는 국물까지 좋은게 하나도 없었다…이름이 특이해서 먹어봤다가 실망만 하고 갑니다. 외국인들 많이 들어오던데 실망감 어쩔….ㅠㅠ
쇼군 스타필드 코엑스몰점,20,불친절함. 안에 자리 많은데도 굳이 불편한 통로쪽 자리로 안내하면서 눈치주는 가게
부타이 1막,100,"오래 기다려야하지만
기꺼이 기다릴 수 있는 맛집
돈까스가 숙성된 돼지고기라 부드럽고 맛있음
마제소바도 맛나지만 꼭 돈까스를 먹어보길 권함
마제소바는 향신료가 들어가서 향신료를 싫어하는 사람들에겐 맞지 않을 수 있슴
더보기"
부타이 1막,100,"맛집이라 11시10분부터 줄서있었는데 12시48분에 음식이 나왔습니다!
12시10분에 주문을 넣었는데 아니나 다를까 주문누락.. 보통 누락되면 상황파악부터 먼저하는게 메뉴얼같은데, “저한테 주문하셨어요?”부터 시작해서 담당직원분은 사과조차 하지않으시더라구요! 몇차례 특별한날마다 맘먹고 가는곳이었는데 앞으로는 안갈것같아요! 직원분들 덕에 좋은 식사자리 망쳤네요 앞으로는 이런일이 없길바랍니다~~
더보기"
부타이 1막,100,줄이 길지만 인생 돈가스👍
신사참숯불고기,100,갈비살 이랑 김치찌개 맛있어요.사장님이랑 직원분들이 다 친절하십니다.
신사참숯불고기,100,고기가 좀 질기고 잡내남ㅠ
신사참숯불고기,100,고기 퀄리티가.. 예술입니다.. 코로나만 아니면 매일 퇴근 후 회식할 것 같은데 ㅠㅠ 너무맛있게 잘먹었습니다!
조수사,100,회정식코스
나즈드라비 강남대로점,100,분위기 좋고 맛있어요!
나즈드라비 강남대로점,100,여긴 코젤다크시나몬 먹으러 가는곳
나즈드라비 강남대로점,100,직원들 불친절합니다. 본인들 잘못 사과할 생각은 안하고 그저 변명만 늘어놓으니 맛이고 뭐고 재방문하지 않겠습니다.
참치명인,20,"음식은 괜찮은데 서비스최악 직원 교육 좀..
다신 여기서 식사약속 못 잡겠어요. 뭐가 그리 급한지 음식 던지고, 다 먹지도 않았는데 가져가고, 2시 15분 되니까 나가라고 하고... 간단하게 점심 드실 분들은 드세요. 서비스는 기대도 하지 마시구요 ㅡㅡ"
참치명인,20,"일단 참치가 너무 맛있고요 사장님도 재미있고 시간가는줄 몰라요
참치눈알로 만든 눈물주도 너무 맛있고 모든 메뉴가 다 맛있습니다
여기 강추합니다!!"
참치명인,20,두명인데도 큰 룸 잡아주심.(점심)
크랩하우스 선릉점,40,맛깔남 ~ 비주얼짱 ~
청년다방 선릉역점,80,맛있어요
청년다방 선릉역점,80,"사장님께서 어엄청 친절하세여!
튀김도 바삭바삭하고 소스도 많이 뿌려주십니다
에이드도 짱맛 그냥 무엇보다 어엄청 친절하셔서 갈때마다 기분이 좋은 곳입니다"
봉산집,20,발렛기사 넘 불친절  밑 반찬도 형편없고 다시는 가고싶지 않네요
봉산집,20,"아직 안없어졌냐 여기?
발렛파킹은 불친절 종업원은 조선족이신지
개불친절 
반찬은 김치 양배추 끝
차돌박이는 개비싼데 양은 적고
공기밥 시키면 0.5인분 같은 1인분 나오고..
별 한개도 아깝다
여기서 먹고나서 이 리뷰를 보았다면
당신은 실패한거요
더보기"
농장사람들 논현직영점,40,"강남 한복판에 걸맞는 삼겹살 가격
삼겹살은 그냥 보통의 삼겹살 맛

갈비탕은 가격대비 아쉽게 붙어있는
갈빗대의 갈빗살을 볼 수 있었습니다

볶음밥은 직접 볶아먹어야하는 창조볶음밥
살짝 어수선한 분위기, 그래도 늦게까지 하니
배고플때 오기엔 나쁘지 않을 듯 합니다
더보기"
농장사람들 논현직영점,40,한우를 팬에 굽다니…. 환풍시설도 없고 느끼하고 냄새만 잔뜩 베임
농장사람들 논현직영점,40,"최악입니다.근처에서 일보고 간단하게 점심먹으러 들어갔습니다.
고기집이라서 맛난줄 알고 한우국밥 주문했는데 진짜 맛없고 고기가 몇점 들어갔는데 엄청 질겨서 먹다가 뱉었네요.배고파서 반정도 먹고 남겼습니다.돈이 아까워요.밑반찬 하나같이 짜고 미역줄거리 푹 퍼져서 흐느적거리고 멸치반찬은 기름만 둘렀고 나물은 된장만 넣었고 너무했어요.
국밥도 맨탕이고 간하나 안되어있는맛 .첨 요리해본다해도 이 정도는 아닐듯요.식사도중 종업원 아줌마한테 고기가 많이 질기다 했더니 ~아 그래요 한마디하고 킅.
도저히 못 먹고 나와 카운터에 있던 남자분한테도 이야기하니 같은말~ㅎㅎㅎ 이 집은 고객들한테 너무 많이 들어나 맛없는것도 당연한 것처럼 받아들이는 것 같더라구요~마인드가 안된집.좋다고 하는 분들은 알바생들인가봐요. 도중에 밑반찬과 국밥 남긴것도 첨이네요.이런걸 잘 안쓰는데 너무 맛없어서 찾아서 리뷰답니다.돈 버려도 아깝지 않다는 분들은 가셔요~
더보기"
군산횟집,20,소주 1만원. 맥주 1만원... 호텔 룸서비스보다 비싼...
군산횟집,20,"비싸지만 맛있다.
접객용"
본가스시 현대백화점 압구정본점,100,스시 바로바로 나오고 신선해서 맛있습니다.
히노아지 포스코점,100,"여기 평점 왜이러죠? 
암튼 돈코츠라멘 국물 진짜 맛있어요
양과 건더기가 적다는것이 아쉽네요"
히노아지 포스코점,100,여긴 말이필요없다
이승재참치,60,평범
이승재참치,60,"조선족 매니저인지 직원인지 최악 최악 최악이에요 
매니저 기본교육 부터 시켜야될듯 합니다
이래서 믿고 거르는 조선족 
별 한개도 아깝네요"
양칭 삼성동본점,100,양고기 냄새없고 맛있어요
양칭 삼성동본점,100,사장님 친절하시고 고기 맛있어요
양칭 삼성동본점,100,양갈비를 이렇게 맛있게 먹어보기는 처음인거같애요 사장님이 진짜 맛있게 구워주구 말씀도 넘 재밌게 하시구 친절하네요 앞으로 자주 머고싶어질거같애요 ^^오래오래 대박나세요^^
해초록 안방,80,"주차담당자 기본예절이 안되있고, 불쾌함을 느끼게 하는 태도가 많아요.

손님을 대하는 친절교육이 필요합니다."
설국,60,도곡동에 남은 유일한 일식집
올바른스시 강남CGV점,60,계란초밥먹다가 딱딱한게씹혀서 뱉어보니 플라스틱조각이 나왓네요 직원분에게 얘기하니 죄송하다하시고 초밥새걸로 다시갖다줘서 결국 다먹긴햇습니다만 앞으로 음식만드는데 이물질이잇나없나 신경좀써주셧으면 좋겟습니다 괜히시간내고가서 기분만 잡치고왔네요
올바른스시 강남CGV점,60,와사비 너무 많이 들어있어서 순간 테러당한 건가 싶었어요. 우동 먹다 머리카락 나왔어요.
토모,20,"오래된 가게라서 일부러 찾아갔는데, 주인이 바뀌었는지 직원이 다 퇴사했는지 예전 같지 않았어요. 서빙 한 명이 하고. 40분이 지나도록 맥주가 안 나와서 일어서니 안주가 바로 나온다며 포장해가라고 하네요. 실망스러웠습니다."
토모,20,굿
연스시,20,"매우 무례하고 모든 메뉴를 설명없이 던져주는 횟집입니다. 광어회엔 뼈가 붙어있고, 민어는 껍질들끼리 붙어서 제대로 안 잘려나와요. 처음에 나오는 샐러드는 비려요. 

사진찍는게 금지라고 붙여져 있는것도 아닌데, 나온 음식을 사진찍은것 가지고 난리를 치는 무례한 곳입니다. 회에 대한 설명도 없이 돈 만지던 손으로 나무플레잇에 던져주고, 던져준 회가 어떤 생선인지 물어보면 한참 후에 알아들을 수 없는 작은 목소리 (가게가 엄청 시끄러워서 잘 안들립니다) 로 중얼거리고, 다시 물어보면 대답도 하지 않습니다. 그리고 가장 중요한건, 특별히 숙성회가 맛있었던것 같지도 않네요. 그제 먹었던 배달회가 더 맛있었어요. 

특히 기분나빴던건 좋은 날이라 망치고 싶지 않아서, 생선구이가 정말 맛있네요- 라고 했더니, ”아까 사진 그렇게 찍더만 이 생선 아까 회로 나왔을 때 뭔지도 몰랐나봐?“ “사진을 계속 찍었잖아” << 하시는데 전 사진 안찍었어요;;;; 나온 플레이트를 딱 1회 영상으로 찍었습니다. 무슨 피해의식이 있으신지… 

옆 다찌 테이블은 앉은지 한참동안 회가 안나와서 컴플레인을 하던걸 보면.. 이 동네에 맛집이 없어서 너무 인플레이션 평가가 있는 것 같아요. 깨끗하고 친절한 강남 횟집에 익숙하신 분들께는 남자 사장의 무례한 태도들로 비추드려요.
더보기"
연스시,20,"맛
위생
가격
삼박자가 정확하게 최저를 이룬다..

첨 가봤는데 맛없고 더럽고 비싸고 장사가 어떻게 되는지 의문일정도 
돈 주고 먹으라해도 안갈집
더보기"
삼다연 역삼점,20,"별 한개도 아깝네요.
님들...  가지마세요.
주인 없다고 종업원들 써비스 개떡입니다.
불쾌해서 못먹겠네...
10시 마감이라해놓고 9시 30분에 주문했는데
9시 40분에 마감한다고나가라네요.
주문을 받지 말던지....
이런 가게가 장사 잘 되면 그 행패는 계속되겠죠?
더보기"
삼다연 역삼점,20,더이상 불친절하고 비쌀수없다.
삼다연 역삼점,20,불친절…끝
홋카이도여보,100,가격만큼 값을 하는 곳
홋카이도여보,100,편안하게 식사 및 한잔할수 있는 감성 맛집 입니다. 혼술하시기에도 괜찮은 양갈비 주점입니다
나이스샤워 역삼점,100,"소문듣고 찾아간 텐동맛집^^
나이스샤워~
비록 대기는 좀 했지만, 미리 주문해놓고 대기하다가 입장시 식사는 빨리 나오는편입니다.
여러군데, 텐동가게 많이 가 보았지만~ 여긴 정말 맛있어요.
특히 소스랑 수란과 비벼먹는 밥이랑 튀김은 최고예요^^
더보기"
나이스샤워 역삼점,100,"튀김 맜있구요 
간장이랑 수란, 밥 최고에요 완전 맛집 !! 또 방문할꺼에요 ♥️"
가장맛있는족발 선정릉점,20,"사장님이 진짜 장사할 마음 없음
먼저와도 늦게 온 사람 먼저 주고"
가장맛있는족발 선정릉점,20,사장이 장사할 마음이 없음
옛날농장,100,"돼지갈비 맛있고, 바쁜 시간인데 잘 챙겨주시네요"
옛날농장,100,동네청년이   심야에 압구정에서 야식먹기에 딱인곳
옛날농장,100,"신사, 압구정 삼겹살은 여기로."
천공,100,너무 맛있어용
천공,100,맛없고 양대비 값 창렬  돔황쳐
우도,60,그냥 보통 일식 수준입니다
시골밥상,100,"순두부찌개 9천

양이 많고 반찬이 맛있네요."
시골밥상,100,혜자
시골밥상,100,친절하고 음식이 짜지않아 좋아요
신사골감자탕 삼성점,100,정말 맛있네요
신사골감자탕 삼성점,100,처음 가봤는데 맛있는거 같아요~
신사골감자탕 삼성점,100,고기 상태가... 좀 그렇네요.
오다,100,오픈한지 얼마 안 됐을 때부터 좋아했던 이자카야! 작고 소박한 분위기와는 달리 안주가 맛있다. 대표님도 친절하시고 아무튼 여러모로 참 매력적인 곳이다.
아쯔마로,60,"덮밥류가 오후1시에가니 떨어져서 매운우동하고 냉모밀 시켰어요.
매운우동 정말정말 매워요 😱
저는 냉모밀만 먹고 매운우동 맛이 궁금해서 면한가닥&어묵하나맛만 봤어요.🤭
맵찌린 절대로 매운우동 도전비추에요. 

글구 여사장님 바쁜데도 엄청친절 하시네요. 👍🏻
더보기"
아쯔마로,60,"세상에서 제일 맛있는 모밀이랑 매운 우동 
오년전에 근처 회사 다닐때 단골이였는데
오죽하면 오년동안 못잊고 다시 갔겠어요 
후"
아쯔마로,60,"줄을 왜서는지 모르겠네
우동은 그냥 너무 매웠고, 튀김은 다소 눅눅함"
한남동그집 코엑스사거리점,20,난 한남동그집이 싫어
한남동그집 코엑스사거리점,20,먹을때마다  안주가 다 맛잇어서...인정하는 안주맛집
한남동그집 코엑스사거리점,20,"음식맛은 그런대로 게안음
근데 엄청 불친절함"
갓포아키 도산공원점,20,"서빙하는 직원 너무 불친절하네요
음식 설명도 없이 던지고 가는데 김밥천국인가요?
음식 퀼은 점점 떨어져 가도 자주 가던 식당이라
계속 방문했는데 이런 식이면 좀 실망스럽네요."
스시인,100,가보고싶다..
스시인,100,맛을 떠나 예약시스템이 별로임
스시인,100,불평할 수 없는 곳 하지만 예약 난이도 극악 ㅠㅠ
더드림,100,"고기가 큼직함
맛있음
고기 양이 적음
-.2023.01.29 별점5점-"
더드림,100,"묵은지로 잘 요리해내는 집
담에 또 가볼 예정

2차방문 ㅡ 김치전골도 맛남"
더드림,100,김치찜 너무 맛있어요
구루메스시,100,"메인셰프님이 사케를 더맛잇게 먹는법도 추천해주시고
다른사케도 추천해주셔서좋앗어요"
구루메스시,100,미들급에서 처음 느낀 만족감의 수준 높은 스시야.. 업력에 이유가 있었습니다.
천매도,100,가성비 최고
천매도,100,회 먹고 만족하는 곳 많이 없는데 너무 좋았어요 😍 항상 특별한 일이 있을 때마다 몇년 째 가족끼리 오는 장소입니다.
천매도,100,초밥 간이 나한테는 좋았다. A코스가 흰살생선이 중복인건 아쉬웠당
최우영스시 압구정점,100,"회 상태가 많이 아쉬워요
이름 걸고 하는 초밥집이 이 퀄리티면 안되는데ㅜ
가성비로 회 비슷한 거 먹어보고 싶으면 갈 수도 있겠지만..
다소 마른 밥에 얹어주는 초밥이라니.. 실망이 많았습니다"
최우영스시 압구정점,100,그럭저럭 괜찮아요 :)
아노락,100,"음식과 술의 더할나위 없는 조합에 트랜디한 하우스,
각자의 색깔이 더해져 굉장한 만족감을 주는 공간"
스시마이우 강남CGV점,20,리뷰 800명이 되는디 4.8의 점수 믿기지 않아 봤더니 ㅋㅋㅋㅋ 리뷰1~2 평점 5.0 대다수 어쩐지
스시마이우 강남CGV점,20,"-혼밥하기 좋음
-가성비 좋음
-점심특선으로 초밥만 먹으면 배안부름. 작은우동까지 다 먹어야 좀 배부름
-제일 싼 그릇인 초록?파랑?보라?그거 퀄 가격에 맞게 ㄱㅊ음
-스시 위에 있는 회도 크기 안작고 가격대에 맞게 ㄱㅊ음
더보기"
스시마이우 강남CGV점,20,가성비 좋고 맛있어요! 자주 먹으러 올게요!
더조은참치,100,너무 맛있어요~ 또 가구파요
더조은참치,100,참치생각날때마다 찾는 더조은참치 맛도 최고 서비스도 최고~
더조은참치,100,"정말 더좋은참치 입니다
맛도 더조은참치
양도 더조은참치
질도 더조은참치
참치가 땡기실때는 두말할거없이 더조은참지로 GoGo씽!!
언제나 친절하신 사장님매너 킹왕짱
주저하지마시고 들러보셔요.
후회는 없습니다
씹는 행복을 느낄수있습니다
더보기"
꽃보다등심,40,돼지고기에 대한 별점. 막창은 가히 최악. 소고기는 나쁘지 않았으니 소고기만 먹을 것. 더불어 여기 그램 수가 안 적혀 있어서 가성비인지도 잘 모르겠음.
꽃보다등심,40,매장 인테리어는 레트로. 의자 상태는 불량. 고기 맛은 별로고 양념고기류는 더 별로. 찌개와 냉면이 특색있고 맛 괜찮아 추천.
꽃보다등심,40,"가성비는 최고 입니다.
근처 고깃집 가보시면 가격대가 ...
 이가격에 강남에서 살치살 먹을수 있으면 추천 부탁 드려요~
그 집에 가게요..
서비스는 당영히 생각 포기 합니다...ㅎㅎ

기대를 가지고 가면 실망..
가성비를 알고 가면 맛집..
더보기"
인기명 삼성점,100,맛도리~~!
인기명 삼성점,100,"맨날 가고 싶은데 비싸서 못가는 집 ㅠ
너무 끓이면 다 질겨지니 먹는데 요령이 필요해요.
이런건 알려주면 좋을 것 같아요"
인기명 삼성점,100,"오징어인지 문어인지 비리고
직원이없어 벨눌러도 호출이어렵고
근데도 육수리필은 쬐금씩만줘서 불편
갈빗대발라주는데 살을 뼈에 다붙여서
대충발라주고 갈빗대말고는손질해주는거없어서
키조개 전복 직접다 손질
다양하게먹을수는있지만 가성비가...
수제비사리 정말안익음 비추
더보기"
옥이네,100,너무 잘써주셔서 감사합니다 즐거운 시간 보냈습니다
옥이네,100,차슈가츠동 아직도 잊지못합니다. 맛있었어요
옥이네,100,"색다른 정겨운 분위기와  안주 하나하나 맛 다 좋아요~
 옆으로 앉아서 바같은 느낌과 좋은 메뉴의 요리집, 선술집.. 
등등 장점을 모아놨네요.. 
사장님과 직원도 아주 친절~ 맘속으로 단골.. 아니 팬되기로 함."
삼도일식,60,"종업원 분들도 친절하고 음식도 맛있어요~~
근데 물병 좀 씻어주세요;;"
삼도일식,60,초밥 만들줄 모르는 사람이 초밥 만드는 듯. 더럽게 맛없음. 싸구려 무한리필 초밥집보다도 못한 퀄리티.
배정철 어도,80,맛있는데 좀 기복이 있더라구요
배정철 어도,80,한번씩 생각날때마다 가는 일식집
청춘어람,40,숙성회 맛있게 잘 먹었습니다.
청춘어람,40,"우니와 회는 만점
그밖에 해물라면 등 사이드는 너무 달았음 ㅠ"
청춘양꼬치포차,20,"밑에 있는 후기들 (양냄새 심하다, 불친절하다, 주식창 왜 떠 있는건지) 보고 에이 설마하고 방문했는데,

세상에나 안좋게 쓰여진 리뷰들 하나같이 다 들어맞음. 중간중간 긍정적 리뷰는 그냥 다 광고인듯.

1. 양갈비꼬치 달라니까 양꼬치로 본인이 잘못가져와놓고서 이게 양갈비꼬치라고 바득바득우기고, 바꿔달라니까 꺼낸건 못바꾼다고 계속 우김. 지금 생각해보니까 양갈비 가져와놓고 양꼬치 가격 받아서 더 받아처먹음.

2. 장사할 생각 없는 것처럼 홀에있는 TV까지 컴터에 연결해서 해외선물하고 앉아있음. 아니 장사를 이따위로할거면 장사의 신은 왜 보는건지..?

3. 계산할 때 되니까 서명을 10번했는데 “어 이게 왜 안되지?“이러면서 모르는척 POS기가 업데이트가 안되었네 어쩌네하면서 카드 결제가 안된다고하면서 계좌이체 유도.

진짜 무슨 몰래카메라 찍는 줄 알았음.
다른 후기들처럼 넓은 홀에 손님이 1-2테이블 밖에 없는게 이유가 있음.

아 그리고 진짜 양고기 누린내가 너무 심해서 여기서 저녁 먹고 집에 올때쯤되면 식도에서부터 누린내가 올라와서 너무 역함. 

방문전에 꼭 리뷰들 확인하고 가시길.

정말 별점 한개 주기도 너무 아까운데 별점 한개가 최소가능 평가라서 어쩔 수 없이 별 하나 드림
더보기"
청춘양꼬치포차,20,"반찬 더 달랬더니 반찬 더 달라고 하는 거 아니라며 손님 혼내는 가게는 처음이네요. 특별한 반찬도 아니고 짜사이, 땅콩, 절임무에요 ㅋㅋ 처음부터 많이 준 거도 아님.

사진에 숯 보이시나요. 숯도 무슨 새끼손가락만한 거로 쓰시네요. 고기도 질기고 양냄새도 심하고.

다른 음식점들은 거의 웨이팅 있길래 들어간 건데, 여긴 텅텅 비어있는 이유가 있었네요. 절대 재방문의사 없구요.

맛 없으면 친절이라도 하세요.
더보기"
청춘양꼬치포차,20,"15 테이블은 넘어보이는데 사장 혼자서 주문받고 서빙하고 숯불떼우고 계산하고 하느라 시간 엄청 넉넉하신 분에게 추천해요. 메뉴도 양꼬치만 되는것 같으니 결정장애 있는 분에게도 추천드려요.
그리고 홀 메인 TV는 왜 주식창이 틀어져있는걸까요??"
코이에 2호점,100,"맛 깔끔하고 프라이빗룸이 있어서 좋아요!
양은 좀 적어서 인당 메뉴 1-2개 시켜야해요"
코이에 2호점,100,짱맛있고 깔끔함 강추
지세포세꼬시,100,"사장과 종업원의 노력이 돋보이는 
생선회의 신선도와 맛이 훌륭합니다!
GOOD!"
배가무닭볶음탕 대치본점,80,"친구가 닭볶음탕 시켜서 같이 먹을려고했는데 헹주가 들어있네요.
이게 맞는건가요?몇입 먹었는데 식중독 걸릴까 너무 무섭습니다.

+사장님 댓글 이제봤는데요 ㅎ
배민통해서 사과까지 해놓으시고 모르는척 하시는건 어이가 없네요.
실수는 하실수 있는데, 아무것도 아닌척 하는거는 좀 어른스럽지 못한 대처 같네요^.^
장사 파이팅 하세요.
더보기"
배가무닭볶음탕 대치본점,80,"무가 들어있어 텁텁함이 적고 개운해요. 
청결하고 친절해요."
스시전 청담점,100,너무 맛있어요 분위기도 좋구요!!
스시전 청담점,100,"☆런치오마카세➡️120,000원
하나아비 준마이다이긴죠 야마다니시키 이쿠하라주➡️170,000원
☆콜키지➡️50,000원


오늘 소개할곳은 서울 청담에 위치한 스시오마카세 전문점[스시전]입니다.

맛: 스시전 청담점은 사케바와인과 함께 붙어있어 런치시간때는 대기하는 공간으로 사용되고 있습니다.

✡️밤죽➡️일반적인 차완무시가 나오는게 아니고 고소하고 달달한 밤죽으로 시작합니다.

✡️조개➡️스미소 소스들어가있고
꼬들꼬들한 식감에 아부리향이남

✡️문어조림➡️온도감있고 간간한 짭짤함과 부드러워서 좋았어요

✡️광어➡️적당한 숙성된맛과 쫄깃함이 같이 느껴져좋아요

✡️방어➡️부드럽고 기름지며 입속에서 녹아내려요.

✡️아오모리 무늬오징어➡️녹진한네타와 와사비,유자제스트향이 잘어우러진맛 끝에 짠맛도 같이 느껴지니 좋아요.

하나아비 준마이다이긴죠 야마다니시키 이쿠하라주➡️하나아비중 가장 좋아하는 파란아비 발렌스가 매우좋아 하나아비를 좋아하는 분들이라면 최고로 사랑하는 니혼슈입니다.

✡️참돔스시➡️온도감있는샤리와
네타는 부드럽고 끝은 씹는 식감이 좀 있으며 단맛이 올라오니 좋네요

✡️시마아지➡️기름지과 부드러운 네타와 꼬슬함이 묻어나는 단맛의 샤리에 와사비향이 올라오며 간장의 짭짤함이 마무리로 굿

✡️전복튀김➡️탱글한식감속에 튀김은 기름짐이 느껴짐

✡️능성어➡️네타는 사각사각하면서도 감칠맛도는 네타속에 짭짤함이 느껴지며 샤리의 단맛과 밥알굴림좋음.

✡️새조개➡️꼬들한식감에
와사비가 탁쏘고 뒤에는 샤리의 단맛이 올라옴

✡️금태➡️아부리친금태윽
기름기,감칠맛.와사비향이 올라오며
부드러운 네타가 너무좋음

✡️우니단새우➡️우니는 안비리며
단새우는 녹진하면서도 달달하고
김의 고소함과 짭짤함까지 더해지니 굿입니다.

✡️전어➡️비릿함이 감돌고 농축된 짭짤함이 올라오고 샤리가 중화시켜줌

✡️갈치구이➡️두툼한 갈치구이는 사랑이죠

✡️대게와내장➡️시원한대게에 짭짠한 내장의 풍미가 느껴지며 샤리는 온도감이 있음

✡️오도로➡️네타를 씹을때 터지는 기름짐이 재미나고 부드럽게 녹아내림

✡️아까미➡️적당한 짠맛과 부드러움 샤리의 단맛이 올라오며 끝이 더 짭짤함

✡️가스코 황돔➡️야들야들함과 짠맛이 시간차로 올라옴

✡️전갱이 아지➡️부드럽고 기름짐속에 와사비가잡아줌 샤리는 밥알굴림좋고 단맛이 올라옴

✡️아나고➡️풍미가 매우좋고 온도감높은샤리와 짠단의 소스 그리고
끝에 약간 깊게 구운맛이 나서 감성을 자극함

✡️소면➡️호로록 하기좋아요

✡️디저트➡️교꾸와 아이스크림

======================================
♧주소:서울 강남구 압구정로71번길4
♧연락처:010-6576-6138
♧영업시간:12:00~22:00
♧주차시설:발렛가능
※매주 월요일은 휴무에요
※콜키지는 병당50,000원 예약전 미리 이야기 주세요
※일찍 도착하면 사케바에서 무료 사케시음 가능하다고 하니 참고하세요
※소추70,000원,위스키나 매그넘 콜키지는 100,000원입니다.
※전문 사케 소믈리에가 있어 사케 페어링도가능함
※런치120,000원 디너240,000원으로 진행(주말런치는140,000원)
※네이버 예약시1~5%할인가능함
※스시전 청담과 대구 두곳은 주객이 전도된 느낌이 들수있음
※런치 진행이 조금 빠른편이라 참고하세요
※연륜이 느껴지는 스시오마카세라 담백하면서도 편안한 맛과 분위기의 스시야다보니 특별히 기억에 남는 음식이 있다기보다 기본이 탄탄한 스시야
※네이버 영수증리뷰,블로그 리뷰 평은 대부분 좋으며 (런치 급한진행,맛이 크게 와닿는 스시들의 부제)평이 있음

총평가:《서울 청담에 위치한 스시전은 사케바와 스시오마카세를 함께 운영하는 특이한 구조입니다.

가게내부로 들어서면 다양한 사케를 접할수 있는 사케바가 나오고 조금더 안쪽으로 들어서면 다찌테이블과 룸이 보입니다.

이곳의 가장큰장점을 이야기한다면 전문적인 사케 소믈리에가 있어 이곳 스시야와 가장잘어울리는 술을 페어링 할수있어 음식의 질을 조금더 높일수 있는 여력이 있는곳입니다.

인스타그램:love747812 
네이버인플루언서:@아콩이맛집여행
더보기"
효미역 수서본점,40,형편없어짐
효미역 수서본점,40,"미역국 맛 진하고 좋으나 서비스가 엉망임
웨이팅 물어보러 갔는데 화를 내고, 웨이팅 순서 꼬이게 정리 안하고 손님들이 눈치보며 웨이팅판에 기재함 
명절에 문 연집이 별로없어 바빠서 그랬나 싶긴한데 굉장히 불쾌했음."
효미역 수서본점,40,"위생상태 엉망!!!! 최악이었어요 별하나도 아까운 적 처음이예요!!! 주방에서는 마스크 턱에 끼고 요리하고 식사하는 내내 대걸레질, 빗자루질해대며 먼지 다 풍기고(꼼꼼히 하는 것도 아니고 대충 행색만..;;) 옆테이블 스프레이 뿌리면서 닦는데 식사중인 우리 테이블로 다 넘어옴 하 진짜.. 메뉴판은 끈적끈적 식사하는 내내 날파리, 똥파리 꼬이고.. 매장 내에 있는 화장실은 요즘같은 때에 그 흔한 물비누는 바라지도 않지만.. 언제부터 있었던건지 모를 말라비틀어져 거품도 안나는 쭈글쭈글한 고체비누하나.. 젊은 직원은 틱틱대고 일부러 멀리서 찾아갔는데 두번 다신 안갑니다. 음식이 아무리 맛있어봐야 청결하고 친절한 음식 잘 하는 다른 집 갑니다. 리뷰 진짜 잘 안쓰는데 사장님 정신차리세요!!!!!
더보기"
개나리위스키,80,맛도 좋고 무척 친절하셨습니다. 배불러서 많이 못 먹어 아쉽네요.
개나리위스키,80,"음식 맛, 사장님, 분위기 다 최고.. 혼술하기도 좋아요"
개나리위스키,80,분위기좋고 음식도 맛있고 가격도 그렇게 비싸지 않아요! 별 하나 뺀 이유는 진짜 음식 나오는데 너무 오래걸려서ㅠㅠ
어방참치 서울본점,100,굳..
어방참치 서울본점,100,"one of the best sushi places in the area, especially how much food and variety you get for the price. the banchan is always delicious and the sushi always fresh. the staff is kind. get here before noon if you don't want to wait!"
어방참치 서울본점,100,"발렌타인 기념 골드 스페셜!!!
술은 잘 못해서 한병만 시켰는데 사장님이 눈물주 주셨어요 ㅎㅎ 
진짜 배불러서 두발로는 걸어나올 수 없는 가게라더니 너무 배불러서 마지막 접시 두조각 남기고 나왔습니다...ㅠㅠ
이렇게 본격적으로 참치 먹어본게 처음인데 모든 부위가 다 맛있고 비린내 하나 없이 신선해서 너무 좋은 경험이었어요!
인당 오만원에 참치무한리필에 죽이랑 샐러드랑 새우튀김 마끼 조림 옥수수마요 맑은탕 등등 너무 잘 먹었어요 사장님도 너무 친절하시고 참치도 맛있고 테이블 자리도 아늑하니 좋아요
더보기"
스시코테이,20,"실력이나 음식 맛은 평범한 오마카세. 실력 치고는 영업 방식에 고자세를 취하네요. 

주류 필수 주문 정책을 놓고선 10만원짜리 사케 포장을 안해주네요. 이후 손님한테 통보도 없이 폐기 처분. 오마카세라는 느낌은 별로 안 들고.. 그냥 대학가 동네 식당 같습니다. 두번은 안 갈 듯
번창하세요 ^^
더보기"
스시코테이,20,"맛도 좋고 서비스도 좋았어요. 

음식이 4~5초정도 더 빨리나오면 좋을거 같아요ㅎㅎ"
참치스토리,100,점심특선 25000원 특선은 특별한 날 먹기에 부족하지 않을 정도로 맛있고 만족스러웠어요!
아오야마,100,"진짜 너무 맛있어요. 여기 셰프님 엄청 관록 있으신 분이라 그런지 음식 하나하나 퀄리티 미쳤어요,,, 입소문 타기전에 빨리 다녀오셔야할거같아요"
아오야마,100,여기 리얼 찐찐~~ 진심 강추하는 일식장인의 오마카세!  식재료부터 퀄이 진심 남다른 오마카세를 경험할 수 있어요~~😘👍✨️✨️✨️✨️✨️
온기정,20,텐동 뿐만 아니라..🥲ㅎㅎ
온기정,20,"큐브스테키동👍🏻, 여름인데 시원한 물 없음🥲"
온기정,20,"텐동 먹었는데 밥이 정부미 마냥 퀄리티가 지금 까지 먹어본 집 중에 최악 이었습니다. 그리고 텐동은 튀김이 생명인데 한입 물었을때 기름이 신선하다는 느낌이 들지 않았습니다.
물통에 물도 없고 물컵도 보충 안하고, 단무지는 말라 비틀어졌고.. 사장님 신경좀 써주세요.. 이거 두번 가겠습니까 ?? ;;"
코이라멘 압구정점,60,혼밥하기 좋고 학창시절 때부터 일주일에 5번 갈 정도로 맨날 싹싹 비워서 먹었음 마제소바 갑 다시마 식초 넣어서 드세요 ( 배달은 다 불어서 와서 아쉽 가서 먹었을 때 젤 맛있는 곳.) 아쉬운 건 주방장님이 바뀐 건지 맛이 바뀐 느낌..
코이라멘 압구정점,60,코로나 이후에 재방문했는데 맛이 변했어요. 면도 너무 탄력감없이 뚝뚝 끊기고 국물도 짜기만 하고 깊은 맛이 하나도 없어요. 제 기준 한국 최고 라멘이었는데 이제 진짜 아니에요.
마리모,80,"서비스 개판. 밥먹다 중간에 나옴.
후기 잘 안쓰는데 기분이 너무 나빠서 올림"
미타스 청담,100,"봉초밥, 닭다리 구이 너무너무 맛있게 먹었습니다. 
개인적인 취향으로 초회나 전복크림, 문어튀김 같은건 입맛에 안 맞았던거 같아요. 
아쉬운점은 콜키지가 되는걸로 알고있었는데 병당 5만원이라는 점. 사케 펍이라 사케랑 페어링하는게 당연 좋았겠지만 뭔가 페어링이 금액 대비 음식 추천이랑 안맞아서 아쉬웠습니다.
더보기"
미타스 청담,100,"분당스시야 예약을 놓쳐서 미들급 오마카세 아무대나 찔러봣으나 모두 만석 그래서 결국 아무대나 가자는 마음으로 결론부터 말하자면 여기로옴 10만원 디너 오마카세인대 5만원 오마카세보다 구성이 초라함 11가지 나오는대 쉐프님이 너무 급하게만 요리하려다보니 음식에 정성이 떨어짐 준비도 부족한듯 가게 자리가 적고 적은 테이블에 뛰어다닐정도로 바쁘다는게 이해안됨 장어, 4가지사시미, 송이튀김빼곤 먹을게없음 사진참고 냉정하고 객관적으로 평가 재방문의사없음 노래시끄러움 서비스라도 좋앗기에 별2개로 남김 
( 방문날짜 2021년경 )
더보기"
미도인 강남,60,항상 줄 서 있어서 맛집인 줄 알았는데 그냥 회전율이 안좋았던것..
미도인 강남,60,"여기 맛있어요!! 양이 많지는 않지맘,,"
미도인 강남,60,맛은 있었는데 테이블 순환이 잘 안되고 친절하지는 않았던것같아요
으뜸청담맛집,20,사장이란 사람이 일할 생각이 없는 곳
으뜸청담맛집,20,"점점 맛이없어지고있어요
초창기에 비해 반찬양도 줄고 너무 달아요
초심을 잃으신듯"
산원반주헌,40,"좌측 사진이 작년 가을 9월이고, 우측 사진이 어제예요. 둘 다 동일한 카이센동 특입니다.
제가 잘 몰라서 뭐라고 부르는진 모르지만 저며서 무친 회덩어리?같은 것도 없어지고, 참치 부위도 붉은 살로만 채워지고, 우메보시도 없어졌어요. 그릇바이 그릇이겠지만 어제 먹은 제 우니는 쓴맛이 났어요. 사진 보니가 뭔가 그릇 안에 담긴 양 자체가 확 준 느낌도 있네요... 다른 재료로 대체된 것도 아니구요.
최근 원가 상승이 있었겠지만 메뉴판에 어떠한 안내도 없이 이렇게 퀄리티가 떨어지는 게 별로예요.
회식도 두어차례 했었고, 데이트할 때 예약까지 하고 네다섯 차례 방문했는데 갈수록 실망스러워요ㅜㅜ 더이상 찾을 이유가 없을 것 같습니다.
더보기"
산원반주헌,40,"10번 이상 방문하여 최소 백만원 이상 지불한 단골이었는데, 다시는 가지 않습니다.

중요한 미팅이 있어 예약 후 방문했더니 대부분의 메뉴가 품절이라, 먹을수 있는게 없어 그냥 나왔습니다만, 나가는 길에 예약금은 받아야 겠다며 막으시네요? 재료 준비가 안되서 한두개 빼고는 전부 주문이 안되는데 왜 그에 대한 책임은 손님이 져야 하는건가요?
더보기"
산원반주헌,40,봉초밥 맛있워요
누리초밥참치 본점,100,먹는법도 친절히 알려주시고 초밥 회가 질이 좋아요^^
누리초밥참치 본점,100,회가 쫀쫀하고 너무 맛있어요 특선 10피스 15000원 가성비 대박...엔가와가 진짜 존맛
누리초밥참치 본점,100,단골집
겟 올라잇,100,분위기 좋아요 ~ 안주로 과자 서지스도 줘요
겟 올라잇,100,"#먹자마자 #서울 일기 (방문 2022년.가을)
결론: 엄지척

• 사운드랑 공연 퀄리티 좋음
• 실내 분위기 넘 좋음
• 직원분들 친절하심
• VIP석이라 위스키 바틀 시킴
• 치즈 과일 플래터도 맛있음
• 테이블 수시로 확인하시면서 말씀드리기 전에 알아서 얼음도 팝콘도 계속 새로 갈아주심
• 테라스도 나가 쉬기 좋음

• 선호하는 팀이 있다면 공연 스케줄 확인하고 방문해도 좋을 듯함

• 내년 생일에 꼭 친구들이랑 놀러가야지

• (여자)화장실까지 이쁘고 깨끗함
더보기"
스시모토이,100,"다 들어간 사진은 아니지만 참치 진짜 맛있어요...
왜 다들 드라이에이징 참치 참치 하시는지 알것같은 ㅠㅠㅜ 물론 다른 것들도 훌륭했습니당 
맛있고 기억에도 좋은 한 끼 만들어주셔서 감사합니다 :)"
호시카츠,80,"깔끔하니 군더더기 없는 정석적인 일식카츠.

육향 진하면서 잡내 없고. 적당히 부들부들 하고. 튀김 옷 바삭하니 기름 맛도 좋고. 산처럼 쌓아주는 양배추마저 맘에 드는 집입니다."
호시카츠,80,카츠 먹고싶을땐 무조건 호시카츠만 찾아가지만 매장이 작구 웨이팅도 많아서 진짜 최대 4인까지만 같이 가고 시간대도 잘 살피구 가는게 좋아요! 카츠 안 좋아해도 정말 촉촉하게 맛있게 먹을 수 있구 아 미소 된장국도 맛있어요!🥰
호시카츠,80,차분한 분위기의 가게가 좋았습니다. 돈카츠의 맛은 좋았고 튀김옷의 식감이 다른 곳들에 비해 매우 바삭하다는 느낌을 받았습니다. 작아서 아늑한데 이게 장점이자 단점일 수도 있겠습니다.
호별관,20,"왜 별점이 높은지 잘 모르겠어요
특카이센동은 특별할게 전혀없고 카이센동에 올라가있는 저렴한 플라스틱 잎사귀도 식감을 떨어트림.
우니동은 선도도 맛도 너무 그닥이었고ㅡ물이 흥건하고 심지어 종류가 다양하거나 맛차이가 있지도 않으며 밥위에 얹은것도 아닌 유리그릇에 깔려서 나옵니다.
젓가락으로 집으면 주르륵.
밥은 너무 꼬들해서 이게 소화가되겠나 싶은느낌.
그리고 나무수저가 너무 변색되어서 비위생적인 느낌이 들었습니다.
이 가격으로 편한 공간에 더 신선하고 다양하게 먹을수있는 대체재가 많습니다.
더보기"
해월,20,"더 맛있는 오마카세 먹어봐서 그냥 평범,,
59000원 짜리는 아닌거 같은데
강남 물가 생각하면 뭐,,"
해월,20,"여기 몇번 갔는데 음식 정말 너~무 맜있네요..저녁 오마카세는 사시미랑 일반 요리 위주고 스시는 많이 나오지는 않는데, 스시는 다른 데보다 뛰어나다고 하긴 어려운데 숙성 사시미도 그렇고 쉐프님이 철마다 바꿔주시는 요리들은 정말 너무 맛있어서 음식 먹으면서 행복한 느낌이 많이 들 정도였어요"
해월,20,박상현 셰프의 해월은 정말 미식가들 사이에서 가성비 최고의 스시 오마카세! 이 quality로 점심을 5만원대에 먹을 수 있다니....
묵호일식,100,신선한 재료를 깔끔하고 맛있게 내어주는집.  2차 3차 갈것없이 여기서 천천히 푸짐하게 쭉~ 먹는거 강추.
카츠오우 역삼점,20,너무너무 불친절하고 너무 비쌈
카츠오우 역삼점,20,첫입이 감동적임
카츠오우 역삼점,20,맛있지만 조금만 늦게가면 웨이팅…. 앤드 강남이라 비싼 물가 반영 팍팍된 가격
스시타,100,"진짜 맛있고,, 기본기가 충실한 쉐프님께서 정성으로 만들어준다는게 무슨 말인지 알 것 같은 곳이에요 
스몰톡으로 대화도 이끌어주시고 위트있으신데 실력까지 좋습니다. 
샤리간도 딱 좋구요 네타도 신경 많이 쓴 티가 납니다 물론 신선하구요,, 재방문 의사 200프로 있습니다. 마지막에 나오는 멜론조차 먹어본 메론중 제일 맛있네요 직접 제면하는 소바도 일품이에요. 
손님이 많아져 예약하기가 힘들까봐 걱정이네요,, 조만간 또 뵙겠습니다! 


아! 그리고 주차도 지하에 편하게 가능합니다. 가끔 다른 곳가면 발렛이 어디인지도 모르게 되어있는데 지하주차장에 직접하면되니 오히려 좋아요~~
더보기"
스시타,100,"일단 쉐프 사장님의 손길에서부터 기초부터 차근차근 실력을 쌓아온 탄탄함이 묻어납니다.  재료를 매니악할 정도로 엄선하여 사용하고, 그래서 이 정도 가격을 넘어서는 맛을 볼 수 있습니다. 
매장도 심플함으로 얼마나 단정한지, 오랜만에 가치있는 식사를 품격있게 할 수 있었습니다.. 할 수만 있다면 자주 가고 싶네요..
더보기"
스시타,100,진짜 맛있어요! 생선을 얇게 썰어서 여러겹 겹쳐서 올려서 나오는 스시들 진짜 대⭐️감⭐️동. 너모 맛있어요ㅠㅠ
보름쇠 삼성점,100,"먹느라 사진을 못찍었네요 ㅋㅋ
드라이에이징 좋아해서 많이 가봤는데 여기 만큼 향이 좋은데는 없는것 같아요 여쭤보니 거의 3개월 가까이 하시더라구요
몸에 않좋은 마블링 많은 소고기는 먹기 싫었는데 이제 인생 소고기집 찾았습니다 ~~~  드라이에이징 엄청 어렵다던데 포기하시지 말고 계속 해주세요 ~~~~
더보기"
보름쇠 삼성점,100,육회는 맛있었어요...
보름쇠 삼성점,100,"최악,, 밤 8시 30분에 저는 영업하시냐고 여쭤보고 들어갔습니다. 자리안내하시고, 지금 몇신데 들어오냐고 주방에서 계속 욕하시더라고요.
손님도 없어서 대화 소리가 다 들리던데 상당히 기분 나빴습니다. 가격대도 있는 식당인데, 직원분들 관리 좀 하세요."
스시이타루,80,평이 좋은 오마카세 집이었으나.. 너무 느린 서빙으로 편안히 즐기지 못해 아쉬웠어요. 비싼 가격도 (디너 16만) 한 몫했구요.
스시이타루,80,너어무 맛있고 깔끔하고 음악도 편안한 분위기를 만들어주고~ 원목 느낌 인테리어도 아늑하고 좋아요!!! 맛있게 잘 먹었습니다 :)
상석,60,Fusion お任せ
상석,60,"크리스마스 프리미엄 상당히 쌤
58000원 -> 12만원이되는 기적
메뉴 구성도 차이가 없는 기분
데코는 귀여웠음 

결론 : 가성비 없고 프리미엄 개오바;; (힘든 시국에 돕고 살면..)
더보기"
상석,60,평일 런치 너무 좋아요.
황회장집,100,"요기 진짜 추천
비린내 비린맛 하나없고 가게도 깔끔하고 
직원도 친절햇어여 회도추가해서먹음
가성비는 강남 생각하면 좋은편인듯
또갈예정
더보기"
황회장집,100,압구정에서 가성비 있게 먹을 수 있는 횟집입니다. 약간 여성 취향저격이 되는 분위기와 구성입니다.
황회장집,100,"분위기 좋고 음식도 정갈하게 나오는데요
너무 시끄러워서 대화가 불가능 ...ㅠ
그리고 방어가 얇아서 아쉬웠어여"
지구당 대치은마점,100,여기 맛있는뎅... 왤케 평점 낮지
지구당 대치은마점,100,가성비가 아주 좋습니다. 가게가 좀 작긴 한데 혼밥하기 좋음
숙성회136 강남직영점,100,"물회,카이센동 강추합니다.신선하고 맛있어요."
우츠와,100,맛있어요⁺◟( ᵒ̴̶̷̥́ ·̫ ᵒ̴̶̷̣̥̀ )!
선창스시,80,"맛있었어요. 초밥 7피스와 우동 세트는 만원으로 가성비가 좋았고, 12피스에 13000원인가?? 요즘 다 그정도해서 괜찮을거같아요.
근데 밥이 질어서 호불호가 갈릴거같고, 우동은 시판이겠지만 썩 맛이 좋은편은 아니였어요. 하지만 회가 아주 투툼하고 기름진맛이 좋았고, 찬거리가 조금 나와서 만족스러운 식사였어요.
약간의 유자폰즈 맛이 나는데 회간장에서 나는건지 잘 모르겠네요.
더보기"
스시하네,100,국내탑급 스시야에요
스시하네,100,"서비스면 서비스, 니기리면 니기리 그냥 완벽"
달빛오징어광어,80,"깨끗하고 괜찮음. 광어,연어,서더리매운탕"
달빛오징어광어,80,포장주문하면 가격이착하다 맛있다 추천
달빛오징어광어,80,굿
스시산코우,100,"스시야가 우후죽순 생기는 중에 단골이 되고 싶은 집입니다.
런치/디너 모두 다녀온 후 리뷰남깁니다.
스시도 좋고, 츠마미가 양식 파인다이닝 요리같이 다채로운 맛을 주는 곳이라 너무 좋습니다.
쉐프님도 정말 매너 좋으시고 솜씨도 좋으세요.
더보기"
스시산코우,100,입이 너무 즐거웠다..  또 가고 싶은 곳
경성야시장 강남점,80,제가 갔던 시간은 평일 오후 11시쯤이라 바쁜시간대가 아니었어요! 더워하니까 에어컨틀어놨는데 거리가 멀어서 그런것같다고하시면서 선풍기틀어주시더라구요. 가성비는 모르겠지만 음식나오는 속도와 사장님의 친절함에 친구랑 좋은 시간 보냈는데 대부분의 리뷰가 저랑 달라서 아쉽네요😢
경성야시장 강남점,80,맛없는데 비싸용
김씨마구로 수서역점,100,감씨마구로 초밥 18000원입니다..
김씨마구로 수서역점,100,비쌈
"산호일식 탕,활전복죽",20,일단 사장님이 점심에 순서대로 음식을 안내주시고 항의하시는 순서대로 주십니다. 30분이상 기다린적이 한두번이 아닙니다. 굳이 대체제가 많은 상황에서 점심에 비추드립니다.
하랑,100,치즈돈까스 진짜 맛있었습니다. 느끼해서 많이 못 먹겠다는 사람도 있지만 치즈 좋아하는 입장에서 6피스 다 먹어도 부족한 느낌이었습니다.
하랑,100,아주 맛있어요 :) 강추 !!
오레노카츠 대치점,100,"인생돈까스를만나다ㅎㅎ
백종원씨가 아직못찾은집~"
오레노카츠 대치점,100,맛나구 매우 친절
아오리의행방불명 강남점,20,돼지사골 기름 국수
아오리의행방불명 강남점,20,맛있지만 강남에서 좀 멀리있다는게 단점
아오리의행방불명 강남점,20,이곳이 버닝썬의 가게입니까
정성라멘,100,"라멘 국물 예술이에요. 고소하고 찐하고 간이 딱이에요! 
세트시켰는데 구성 좋고 만두랑 덮밥 다 맛있었어요^^
역삼동 계신분들 추천드립니다!"
오복수산 도산점,100,"항상 웨이팅 많지만..
또 먹으러 가고픔"
오복수산 도산점,100,쏘쏘
시마스시,80,"동네마트 초밥퀄리티인데 가격은 몇배..
맛도 없고 신선하지도 않고 친절하지도 않고
하이볼마저 맛없음 
기분나쁘게 배차는 느낌....화남...."
시마스시,80,"가격이 사악함
먹을만한 초밥은 2pcs에 5천원 이상
근데 맛은 천원 회전초밥과 비슷
이렇게 돈아깝기는 오랜만
돈주고 먹으래도 안 먹음
더보기"
낭만식당,100,가격대비 영~~~~~
낭만식당,100,가격이 좀 있는데 그만큼의 맛은 아닌듯 해요. 개인적인 생각이고 좋은 리뷰가 많으니 참고만 해주세요.
갓포아키 삼성점,100,"분위기 좋음
숙성회 드세요"
갓포아키 삼성점,100,비싸지만 실패없는 맛집
사케바 현,40,"사장님이 진짜 별로임. 알바분은 엄청 친절하셨는데 사장님이 우리가 먼저 갔음에도 불구하고 다 순차적으로 앉아있는데 우리를 문 제일 가까운데, 카운터 앞에 앉힘. 그래서 왜인가 했더니 자기 친구가 들어옴…거기까진 괜찮은데 정말 쉴새없이 친구랑 수다떨고 손님들 있는데도 불구하고 친구랑 건배하며 술을 마심…ㅋ 식사를 했기에 안주를 많이 시켰음에도 불구하고 너무너무 불친절했고 업장 주인으로써 professional 하지 않았음
더보기"
사케바 현,40,"집근처 사케마시기 좋은곳
사케소믈리에 자격증보유하고 계신 사장님의 스토리텔링을 들으면서 마시니 더 맛있네요.
음식도 너무 맛있고 매일 오고싶은곳입니다."
사케바 현,40,"분위기가 좋고, 사장님의 사케에 대한 전문 지식이 더해지니까 마시면서도 음미하게 되고 여러모로 의미있는 시간을 보냈어요.. 사진을 못찍은 게 너무 아쉽지만ㅠㅠ 담에 또 방문할게요! 번창하세요 사장님"
도곡여울,20,"신비주의로 포장된 얼치기 사케가게. 예약이 인스타그램을 통해서만 가능> 세대 차별화를 노린 나름의 전략인 듯하나, 그럴 정도의 실력과 서비스 정신이 있는 곳은 아니고, 그냥 근거없는 자의식 과잉과  장인의 고집스러움을 구분할 줄 몰라 보임...오래 갈 탄탄한 기본기는 없어 보이니 아래의 댓글에 현혹되지 마시길."
도곡여울,20,하나 하나 정성이 느껴지는 맛과 플레이팅:) 그리고 셰프님께서 술이나 메뉴 추천을 상세하고 친절하게 해주셔서 늘 기분 좋게 먹고 나오는 곳입니다.
도곡여울,20,단기간에 이렇게 자주 가본집은 없는듯 합니다. 그러나 주변인들에게는 저얼대 추천 하지 않습니다. 예약 경쟁자를 늘릴수는 없으니까욬ㅋㅋ여러분 여기 별로니까 제발 그만 가세요~
필살기 신사점,100,히레 처돌이에게 약간 아쉬웠지만 치즈가 존맛 식감 딱딱하지 않고 몽글한 치즈인데 주르르 쏟아지는 그런 치즈임 냉모밀도 맛있음
더나인클럽,100,비린게 몇개 있었고 무난한편
청담순대국,100,다양한 메뉴의 순대국을 먹어보면 청담순대국이 얼마나 맛있는 음식인지 알게 됩니다.
청담순대국,100,"너무 불친절하지만 맛있어서 갔는데
이제는 맛도..."
스시이루다,100,"니꾸우동과 모듬사시미인데 너무너무 맛있습니다
런치세트에서 돈까스랑 사누끼 우동에서는 실망을 했었는데 이건 너무 맛있습니다"
연스시,100,사장님이 직접 남해안 돌면서 자연산 사오시는 집. 수석쉐프님도 다른 쉐프님들도 친절하신 곳. 붕장어 초밥은 진짜 꼭 드셔봐야함. 정식도 맛있고 다 좋아요
연스시,100,"최상에 서비스
최고에 맛 
함께한 손님들도 너무 좋아해서
분위기 넘 좋았습니다
감사합니다
더보기"
연스시,100,가게에 비린내가 너무 심합니다 ㅜㅜ
사케츠바사,100,내솨아랑 사케츠바사아아아
사케츠바사,100,"신선하고 맛있고
소주랑 사케 다양하게 맛볼 수 있어서 좋았습니다!
비슷한 가격대에서 꽤나 높은 만족도였습니다."
사케츠바사,100,그냥 최고 .. 언제나 최고 🥹
스시유겐,80,"후회없는 곳이였습니다

디너든 런치든 언제든 가고 싶어요"
스시유겐,80,"행복한 시간 보내고 왔어요~
이승재셰프님 덕분에 맛있게 즐겼습니다~ 친절하고 손맛이 끝내주셔요ㅎㅎ❤❤️"
스시유겐,80,음염히..
야키토리묵 신사점,80,맛 가성비 코스 전반적으로 괜찮음
야키토리묵 신사점,80,"맛있는데 좀 짜요 ㅜㅜ
주류 필수인데 논알콜 하나뿐이라 아쉬웠어요
좀 다양하면.. 좋을거같은..!
그리고 약 먹으려고 같이 놔뒀는데 치우실 때 같이 버리셔서 슬펐어요🥹"
코미도리,80,도미 정식 괜찮아요 두번 왔고 주변에도 추천했어요 근데 솥밥은 잘 모르겠어요
코미도리,80,"솥밥안에 도미 은행 밤 들어있어서 맛있게 먹다가 국물 부어서 솥밥누룽지도 즐길 수 있어요! 제맘속 블루리본 맛집 입니다ㅠㅠ 반찬들도 정갈하고 흰 단무지 유자향 너무조아요ㅎㅎ 일본여행 중 먹은 가정식 같아요!! 자극적인 식당, 배달 음식들 먹다가 방문하니 속도 너무 편안하고 좋아요 ♥︎"
코미도리,80,걍 무난하던디....? 근데 좀 비쌈
동경규동 대치점,80,맛있있는데 조금 짜다 가격은 딱 적당한 거 같다 브레이크 타임 풀리면 사람이 조금씩 붐빈다 혼밥하기 좋다
동경규동 대치점,80,메뉴들 고루고루 두루 시켜본결과 맛없는 메뉴는 없음. 자주 이용하는 중.
동경규동 대치점,80,"먹는물 따르는 정수기 바로옆에 더러운 빗자루와 쓰레받기 너무 찝찝해요. 위생적으로나 미관상으로나.. 바로앞에 쓰레기통 종이컵수거까지 몽땅..
고민을 하셔야할듯해요
홀 관리도 너무 안되는거같아요
손님나가고 아무도 상도 안닦고 바닥에도 흘린 음식물들이 계속 방치되네요
더보기"
부엉이돈가스 학동역점,100,"안심돈까스 맛있네요
정식에 달려 나오는 모밀은 맛이없지만 그걸 상쇄할만큼 돈까스가 맛있어서 5점 입니다"
부엉이돈가스 학동역점,100,진짜 뻥안치고 너무 맛있었음 ㅠㅠㅠ 또 먹고싶은 부엉부엉부엉 부엉이 돈가스
부엉이돈가스 학동역점,100,"아니 여기 왜 리뷰 없습니까?
미쳤습니까 휴먼?

이곳의 치즈는 너무 맛있습니다 ㅜㅜㅜㅜ
소바도 미쳤습니다
더보기"
쿨쉽다이닝,100,"음식 너무 맛있고, 직원분들 친절하세요!
람빅은 처음 마셔봤는데 맥주라기보단 와인 같다는 느낌이 들었어요, 맛 자체는 산미와 쿰쿰한듯한 향으로 전혀 다른 개성이지만...
오랫만에 만난 친구들과 즐거운 시간 보냈습니다"
쿨쉽다이닝,100,"마구로 롤은 단순한 구성(쪽파, 시소가 전부)과 적은 양에 비해 꽤 비싼 감이 있네요. 시메사바는 맛있습니다. 술이 맥주 위주인데… 맛이야 취향 나름이지만 주종마다 구하기 힘들다는 설명 말고는 별로 해주신 말이 없어서 디테일이 아쉽습니다."
쿨쉽다이닝,100,"처음 가봤는데 분위기 좋고 친절하시고
좋았어요
둘이서 안주 4개 시켰는데 다 맛있었네요 ㅎㅎ
술도 맥주인데 조금 특이한?? 근데 되게 맛있어서 다음에 또 오고싶숩니다 조아요!!
더보기"
스시결,100,"최애 스시집 중 한곳입니다
코스 시작은 샤리가 불안한 경우가 있으나 후반으로 갈수록 최고의 맛을 보여주기에 만족도가 더욱 높은 곳입니다.
그리고 헤드셰프님이 정말 친절하십니다"
스시결,100,깔끔하고 쾌적한 분위기에 맛있는 초밥! 그리고 친절한 설명까지. 행복한 점심 식사였습니다~
야키니쿠22,40,"가격은 청담동인데 분위긴 종로. 엄청난 맛집은 아니지만 딱히 모자라지는 않고 응대도 엄청나게 친절하진 않지만 불친절하지도 않다. 세트에 음료하면 인당 10만원대가 나오는데 퀄리티를 원한다면 좀 더 보태 오마카세를 가는것이 낫고 부담없이 즐기자하면 이자카야 체인점이 낫다. 맛집도 아니고 인스타집도 아닌 이도저도 아닌 모든 것이 애매한데 딱하나 가격만 확실한 곳. 분명한 노선을 정한다면 손님이 더 많을수 있는 컨셉인데 별로 없는게 안타까워서 평점을 남김.
더보기"
야키니쿠22,40,존맛텡
신사치킨클럽,100,ಥ_ಥ
신사치킨클럽,100,완탕면은 어묵 비린맛때문에 추천은 못드리지만 치킨 난반은 엄청 맛있었어요! 가게 내부 깔끔하고 테이블링덕분에 웨이팅도 쉬웠습니다
미나다,20,에휴
명인갈비 논현점,20,핵존맛
쌀통닭 개포역점,100,"bbx 보다 맛있어요 
최애 통닭인데 혹시나 없어질까봐 씁니다"
쌀통닭 개포역점,100,진짜 맛있어요
쌀통닭 개포역점,100,"순살 반반아니라 반의반반인듯해요
특히 후라이드..."
야키토리 요이사,20,"추운날 방문했는데 예약안했다고 밖에서 기다리라고 1초만에 문전박대 ㅋ 바로 미닫이문 닫아버리고 ㅋ 너무 기분나쁘네요 
이런곳은 아무리 소문나도 절대 안갑니다"
야키토리 요이사,20,"무난합니다 맛 괜찮고 
가성비는 극악이지만 분위기 괜찮음.
은근 신사쪽 식당 찾기가 쉽진 않아서 ㄱㅊ다고 생각
압구정로데오랑 비교하면 경쟁력 딱히"
야키토리 요이사,20,"네이버 예약 리뷰 첨부합니다.
일본식 인삿말과 90도 인사만 친절이 아닙니다. 
가격이 싼 것도 아닌데 손님 응대 제대로 하시길."
열도미행 파르나스몰점,100,스키야끼 맛있었습니다.
열도미행 파르나스몰점,100,"배고파서 기운이 없길래 아점 먹으러 왔는데, 하.. 너무 맛이 없어요. 배고파서 뭔가를 먹긴 먹어야겠는데 너무 별로라 먹는 것도 힘드네요. 옆집 개미 뭐시깽이에서 스테이크 덮밥이나 먹을걸.. ㅜㅜ"
열도미행 파르나스몰점,100,모츠나베 맛있어여
이자카야화분,60,"가지튀김: 특이하게 명란소스랑 같이 서브됨 
나베: 국물이 시원하고 맛있다
전복리조또: 내장맛은 기대 ㄴㄴ 치즈맛이 지배적

음식이 엄청맛있는지는 모르겠고.. 그나마 나베가 괜찮았다
더보기"
이자카야화분,60,"다른 곳 자리가 없어서 급하게 검색해서 방문했는데 진짜 너무너무 맛있어요!! 최고입니다!
테이블보다 바테이블에 앉는게 바로바로 주문하기 쉽고 좋았던거같아요 1인 매장이다보니까 혼자 바쁘시거든요ㅠ
회도 두툼하고 입에 넣자마자 녹아요 전복도 먹어본 것 중에 가장 맛있었어요!
더보기"
이자카야화분,60,"돈코츠 나베 최고... 식전에 주는 계란찜(?) 부터 너무 맛있어서 깜짝 놀랐음..! 
너무 시끄럽지 않고, 너무 어둡지도 않고 분위기도 좋습니다"
육회먹은연어 논현점,100,여기 육회랑 연어 진짜 맛있어요~~요즘은 코로나라 자주 못가서 포장해서 먹었는데도 존맛이였음
육회먹은연어 논현점,100,알바 사장 둘다 싸가지 없고 먹고싶은 마음도 없어지게 만듬. 음식시키지도 않았는데 누가 먹다남은 국물같은거 가져다 주고서 메뉴 맘에 안들어서 가려고 하니까 정색하면서 짜증냄. 서비스가 이따구니까 장사도 안되고 손님 기분만 나쁨 ㅉ
육회먹은연어 논현점,100,친절하고 맛있어요♡♡
논현오뎅,20,"일하시는분중 덩치크신 한분 너무 서비스 태도가 불량하네요… 손님 응대가 하기 싫으시면 다른일을 하시길 바랍니다.

다시는 방문하고 싶지 않습니다."
논현오뎅,20,"매니저 세 분이 계시는 것 같은데
한 분이 응대가 좀 별로셔서 재방문 의사 없어졌어요. 
일본주를 중심으로 판매하면서 일본주 마시는 방법은 모르시는 것도 좀 아쉬웠습니다."
논현오뎅,20,또 올껴!
리애 개포점,100,"예전에는 진짜 맛있었는데  빵가루가 바뀌었나봐요. 
그래도  평균이상입니다."
리애 개포점,100,"고급돈까스의 표본! 완전 맛나용~
트러플오일은 진짜 👍👍"
소이연남 더샵스앳센터필드,20,태국인여자 사장?은 가게에 없는게 나을듯. 한국말을 제대로 할줄아나 응대를 제대로 하나. 손님이 들어오면 자리 안내할 생각은 안하고 멀뚱멀뚱. 그래서 아무대나 앉으니 그냥 나가세요 나가 손 휙휙. 무슨 응대를 그런식으로 하는지? 한국말&손님응대 못하면 걍 주방에서 밑간이나 보던가.
소이연남 더샵스앳센터필드,20,"계산하는 사장님 손이 너무 느려서 점심시간이 자리가 비어있는데도 안내를 안해줌
사장님 없는게 테이블 회전에 더 도움될 듯"
소이연남 더샵스앳센터필드,20,딘쩌 맛있어요 또 가야지…….
청담항,100,"간만에  입에 맞는 음식을 먹었네요 ㅎ
밍크고래  좀 비싼음식 이지만   증말  맛있게 먹엇네요 
조만간  또 갈 예정입니다."
청담항,100,"친절하십니다.
모듬회 소자 8만원에 두명이서 충분이 먹을 수 있습니다만..
회가 맛있는것도 있고 아닌것도 있었습니다.
츠케다시로 나오는 것은 조금더 퀄리티가 있었으면 하는 욕심이 나네요
(먹었던것은 약 6만원짜리 정도의 느낌)
재방문은 잘모르겠습니다.
더보기"
부엉이제면소,60,식당내 청결?!만 좀 더 신경써주시면 좋을거같아요...바닥 끈적이고...벽엔 뭔가 튀어있는거같고..
부엉이제면소,60,온소바
동경규동 학동점,20,"달기만 하고 별로였어요. 몇 년 전에 다른 지점 가보고 많이 실망했는데, 혹시나가 역시나였네요."
동경규동 학동점,20,적당해요. 회전율은 빠른듯 합니다
동경규동 학동점,20,"직원분들은 엄청 친절하다.
일본음식파는 김밥천국느낌.
원래 셀러드파는 가게였다. 이를 아는 만큼 오래보고 자주갔다.

맛은 식자재마트에서 파는거 데워주는맛이고, 셀프서비스다.

인스턴트 장국은 짠데 우동은 거기에 물붓고 김치다데기 넣어서 밍밍한 김치향맛이다.

조리기술없는 젊은분들이 운영하시는듯하다.
제일 아쉬운게 밥인데 설익거나 인남미처럼날리는 군대찐밥인게 먹어본사람으로 느껴진다.

많이 아쉽지만 딱히갈곳없는 학동에 좋은 포지셔닝의 예인곳같다. 오늘따라 유난히 맛없다...
더보기"
긴자료코 강남본점,80,싸가지  없음
긴자료코 강남본점,80,"함박스테이크 맛있고, 1.5인분 무료인 점이 마음에 듭니다. 직원들은 굉장히 불친절합니다."
일드청담,100,정말 맛있게 먹었습니다 기념일 덕분에 멋지게 보냈어요
일드청담,100,지금까지 겪어보지못한 새로운 맛의 충격.. 너무 맛있어요!!
스시사키,100,등푸른생선류가 미쳤습니다.. 최고의 스시야❤️
스시사키,100,"여기 맛있어요!!! 간도 딱 맞구
근데 쪼꼼 길어요"
밀크포차,20,"맛탱이갔네요. 주말이라 메뉴에 있는 라면이 안된다는 소리는 뭔가요ㅎㅎ 다른메뉴 시켜먹고 시키는건데ㅎ 정신차리시길
아 가게파셨나보네요! 밑에 리뷰보니까"
밀크포차,20,흠
백향목,20,샤리를 전자레인지에 데우신건지 모르겠으나 네타 속 샤리가 딱딱하게 굳어서 초밥이라고 부르기 민망할 정도의 수준.. 떡진 샤리.. 기본이 안된 초밥집이라고 생각합니다.
백향목,20,"깨끗한 위생,
친절,
편안한 분위기"
진도켄이자카야,100,"음식이 전반적으로 깔끔하고 군더더기가 없어서 좋았습니다. 연어머리구이가 비린맛 하나도 없이 먹기 좋게 잘 구워져서 너무 만족스러웠어요. 모찌리 도후도 엄청 고소짭짤해서 신기하고 맛있었네요.
유자사케가 들어간 하이볼이 정말 좋았습니다. 입 안 정리하기도 좋고 맛도 상큼해요.
크림치즈 곶감말이도 디저트로 즐기기 딱 좋았습니다. 많이 달지 않고 같이 나오는 소스랑 같이먹으면 정말 완성도 있는 음식 같아서 좋더라구요.
두시간이라는 시간 제한이 다소 아쉽지만 사람들도 많아서 이해갔습니다.
직원분들도 상당히 친절하게 안내해주셔서 교육 잘 받으셨나보다 싶더군요. 서비스는 오히려 여기 적힌 후기들보다 훨씬 좋아서 놀랐습니다. 만족스러웠어요.
두시간동안 알차게 먹고 마셨습니다.
번창하세요~
더보기"
진도켄이자카야,100,"건너편에 자주가는 이자카야가 있는데 항상 그쪽으로 지나가다가 맛있어보여서 여기 한번 와보자 하고 예약하고 방문했습니다. 요약드리자면 정말 비추천 드립니다. 

예약시 술 바틀 주문 필수 + 테이블 이용시간 2시간max 알고 갔습니다. 술은 사케 8만원짜리로 주문했습니다. 

음식)) ★★★☆☆
고등어회 맛있었습니다. 추천드립니다.
금태구이는 안에 하나도 안익어서 처음에는 타다끼 주문했나 싶을정도였어요. 다시 구워서 온건 괜찮았습니다. 사실 이런 음식점에서 안익은 생선구이를 서빙받은게 처음이라 당황했습니다. 
후토마끼는 튀김이 바삭바삭해야 식감이 살면서 맛있는것인데 새우튀김이 눅눅해서 바삭한맛이 없었어요. 다만 들어가는 회가 튼실해서 이건 새우튀김만 개선하시면 더 맛있을것 같습니다. 

서비스 ★☆☆☆☆
이용시간에 대한건 예약시 고지받은바 있어서 (물론 공휴일 전날은 2시간반이 2시간으로 줄은건 몰랐네요) 괜찮았습니다만 6시에 입장했는데 음식을 먹고 있는도중인 7시 31분에 직원이 미리 전달한다면서 영수증을 갖다주시더라구요. 먹고있는데 영수증 받으면 나가라는 뜻아닌가요? 이것만 그런게 아니라 계속 앞접시를 치웠습니다. 쯔케모노나 처음 주는 새우 같은거 담겨있는 그릇도 다 치우시더라구요. 같이 들어온 테이블에는 아직 음식이 저희쪽보다 많아서 그런지 (코스요리같은걸 드셔서 그런지 갯수는 비슷해도 한번에 나와서 남은 음식이 많아보였음) 영수증전달을 안하신것 같았어요. 이렇게 쫓겨가면서 먹을정도 음식이냐 하면 절대 아니라고 생각들어요. 사장님 되시는분이 오셔서 기분 나쁘셨을것 같다 하시며 마지막에 한마디 사과 받았습니다만, 정말 기분나빴어요. 
신사에 이정도 되는 일식집 정말 많습니다. 테이블 회전율때문에 2시간 정해두고 하시는건 알겠습니다만 적어도 전달해주시려면 7시 50분즈음 전달을 해주셔야죠. 전산이 되어있어서 시간마다 알람을 드리는게 식당 프로토콜이라고 하셨는데 영수증을 밥 먹고 있는데 났는데 뽑아 전달하는것도 이쪽 프로토콜이라면 (물론 웃긴건 저희 테이블한테만 한것 같지만요) 시정 꼭 해주시길 바랍니다.
더보기"
도곡참치,80,참치맛은 보통이지만 직원분이 너무 친절하셔서
도곡참치,80,"가성비 좋다고 유명한데 나는 잘;;
걍 쏘쏘한 참치집"
목포명가 삼성점,80,"회나 해산물 먹고 싶을 때 적어도 삼성동 근처에선 실수가 없는 곳입니다. 10번도 넘게 갔는데 꾸준한 맛과 사장님의 다소 거칠지만 따뜻한 서비스 (호불호 있을 수 있음) 좋습니다. 최고 맛집이라 하긴 애매합니다만, 경쟁이 치열한 동네에서 꾸준히 영업하시는 건 이유가 있다고 봅니다..

사진은 겨울철에 서비스로 받은, 무심히 툭툭 썰어 내어주신 방어 막회입니다.
더보기"
목포명가 삼성점,80,제철 회 먹기 좋은것. 가격이 싸다곤 말 못하지만 돈값은 합니다.
목포명가 삼성점,80,모듬물회 먹었어요. 회 싱싱하고 맛있었음. 근데 멍게는 안들어가는게 나을뻔~
골드참치,100,"참치 녹아요
코스 구성도 알차고 퀄리티미침"
골드참치,100,정말 맛있어요!!! 사장님 아주 친절하시고요.
골드참치,100,직원분이신지 사장님인지 모르겠지만 말투 정말 기분나쁩니다 마인드가 ..
야키니쿠 킨세이,100,"가격은 꽤나 있는편이지만 고기들이 맛있어요!
개인적으로 살치살이 제일 맛있었습니다"
야키니쿠 킨세이,100,"냉동마늘... 매우 아쉽습니다...
그래도 소고기 퀄이 너무 좋아서 별 4개요
눈꽃갈비살이랑 살치살 원탑
양념뿌린 소고기는 아쉬운 맛"
보우앤파트너스 카소미야 가로수길본점,80,깔끔하고 맛있게 먹었어요^^
보우앤파트너스 카소미야 가로수길본점,80,そば
센자이료쿠,80,"가격은 좀 비싼듯하지만 맛있어요
온센타마고 꼭 추가!!하세요! 
회전률 좋아서 많이 안기다려도 돼요"
센자이료쿠,80,"일본동네에 있는 작은 라멘집 같은 분위기입니다. 
직원분들도 친절하시고 음식 나오는 스피드도 빠른편이구요. 독특하게 시금치가 올려져서 나오네요. 제 입맛에는 많이 짰으나 취향문제니까요. 계란은 추가구매해서 먹어야 하는 점이 조금은 아쉽네요."
센자이료쿠,80,비싸도 맛있어서 줄서서 먹는집
리윤스시료센,80,"샤리 간이 제 입엔 많이 세지만
접객이 좋았고 식기 하나하나 너무 예뻐서 좋은 시간 보냈습니다:)"
스시야 본점,100,"srt 기다리던중 발견한 집.
사진은 18000 모듬초밥.
비싸긴 하지만 하나하나 퀄리티가 좋았고
무엇보다 샤리가 야무지다고해야되나? 내가 좋아하는 스타일이었다. 맛있었다.
단점은 너무 좁다는것 대신 알바들이 친절해서 편하게 먹었다.
더보기"
스시야 본점,100,"사장님 이신지 모르갰는데 모두 다 친절하시고
음식 맛도 최고

감사합니다"
스시야 본점,100,가게는 살짝 좁아 아쉽지만 맛은 아주 좋아요!! 제 기준 수서역 맛집 top 5에 드는 곳입니다 ㅎㅎ 추천해요~~
최가네버섯샤브매운탕칼국수 대치점,80,여기 맛있었음 양도 적당하고
최가네버섯샤브매운탕칼국수 대치점,80,피쉬볼 짱 맛있음
생선쓰,100,"숙성회 사시미 셋트, 픽업하려고 해도 30분 대기는 기본이니 전화예약 필수, 초밥 밥 따로 주문하면 사시미와 초밥까지 한번에 해결가능해서 초밥 가성비 굿, 사시미는 그냥 다 맛있어서 최고"
생선쓰,100,매우 맛있는데 양이 좀 적은듯함(둘이서 두개는 적음). 다시 먹을예정. 사이드가 조금 더 있으면 좋겠음.
생선쓰,100,이집은 배달스시계의 최고봉임
오므토토마토 강남본점,80,맛은 나쁘지 않은데 소스추가 유료에 가격대가 좀 있는 편입니다
오므토토마토 강남본점,80,갈때마다 잘먹었어요 !
오므토토마토 강남본점,80,별로 친절하지 못함
양재초밥,100,자주 가요! 가성비는 보통이지만 근처에서 맛있는 초밥집이에요.
양재초밥,100,"요기 맛있고 깔끔해요 네번 갔는데 또 갈고야
가격을 올리다니잉…  잘 안가게 됨
ㅇㅋ 또 왔는데 여기가 젤 맛있네요"
양재초밥,100,너무 맛있어요….. ❤️ 다 먹을쯤엔 적당히 배불러서 기분 좋아요
박성훈장,20,"점심시간 바빠서 그런지
사장(계산하신분), 서빙(어머니로 보임)
하시는분 인상 찌푸리고
반찬 리필해도 생까고...3번이나

너무 불 친절 하네요
더보기"
박성훈장,20,"게장도 꽃게탕도 맛있어요.

게장이 넘 땡겼는데, 임신초기라 아무데나 가서 먹기는 그래서, 검색해서 셰프님이 한다는데 와봤는데요.

게장이 정말 싱싱하고, 짜지도 않고! 밥 두 그릇 뚝딱했어요.
더보기"
와쇼쿠산고,100,특별한 날에 좋은 추억 많이많이 받고 갑니다. 감사합니다.
와쇼쿠산고,100,슈토 다이닝 계열 신상 와쇼쿠 이자카야
찰미당 도곡점,80,"고추냉이돈까스 인절미돈까스 두개 다 맛있음
고추냉이돈까스는 고추냉이맛이 강하지않음
인절미돈까스는 고소함"
찰미당 도곡점,80,한번쯤은 가볼만해요
오레노라멘 강남점,100,여기 토리파이탄은 주기적으로 먹어줘야함
오레노라멘 강남점,100,개굳
호미호식,80,퓨전일식
호미호식,80,"가격 대비 양도 적고 맛도 평범...
향신료 향이 좀 강한것 같아요. 카레는 카츠 4개 정도 올라가고 야끼소바는 달고 면이 덜 익었습니다. 가격에 비해 굳이? 가고 싶진 않았어요"
호미호식,80,"카레 야끼파스타 먹었습니다
가격이 18,000인데 김밥천국에서 팔아도 이것보단 맛있을듯한데.. 

마감 10시라 갔는데 9시 20분까지 먹어야 된대서 1차 띠용

가격 생각 안하고 먹었는데
면 안익었고 카레는 향신료 맛뿐..
오므라이스 계란은 그냥 단맛
둘이 너무 안어울림;;
야채는 양파에 초록색 두점정도 있었나?
이런걸 이가격에 ?! 또 띠용

맛도 가성비도 너무 최악..
돈아깝고 음식 맛없어서 리뷰 다는건 처음..
더보기"
스시어부,100,가성비 최고
스시어부,100,점심에 가기에 장소는 다소 협소하지만 괜찮은 가격에 좋은 퀄리티와 구성으로 런치 초밥을 먹는 건 항상 즐겁습니다☺️
카츠8 파르나스몰점,80,"혹평에 비해 
전 맛있게 먹었습니다."
카츠8 파르나스몰점,80,"치즈돈까스는 맛있었는데 예전같지 않네요
냉소바는 너무 짜서 다신 안 먹을 거 같아요
가격도 비싸서 이제 안 갈듯해요"
탄탄면공방 파르나스몰점,100,연휴에가니줄을 그나마덜선 ㅎ
탄탄면공방 파르나스몰점,100,"진짜 너무 맛없는데 사람들 줄서있어서 엉겹결에 먹음
국물탁하고 면은 불어있음.
줄 서있는 사람들에게 말해주고 싶더만..."
탄탄면공방 파르나스몰점,100,👨🏻‍🦲😉👍🏻👶🏻👶🏻
리즈소바,100,"저루소바 맛있어요 참깨소바도 먹고싶어요! 여름이라 자주 갈것 같아요 
(참깨소바 쫌 짜요!)"
리즈소바,100,쯔유소스가 진짜 맛있어요! 김도 잘어울려용
리즈소바,100,만약 다음에 간다면 다른 메뉴 먹어보고 싶네요
두사라 청담,80,두사라 청담점. 2022. 룸만 6.
두사라 청담,80,고노와다 캬~~~
텐카라멘,40,점심에 몇 번 방문했는데 밥 무한 제공에 반찬 셀프. 라멘 무난하게 괜찮고 종업원분들도 친절한 편. 점심시간에 가볍게 식사하기 괜찮은 곳 중 한 곳.
텐카라멘,40,매우맛있네요
스시렌,100,"런치로 다녀왔습니다
정말 맛있게 잘 먹었습니다.

디너에는 런치 대비 요리류가 7~8가지 추가 되고 우니가 더 좋은게 나오고 그런다네요!
더보기"
스시렌,100,디너 갔다왔댱 다음엔 쥐치가 먹고싶어요....
스시렌,100,5점
아더스시,100,"셰프님이 스시밖에 모르는 바보십니다. 네타 샤리 둘다 가격대비 매우 훌륭한데 홍보가 잘 안된 듯 해요 강추!
+추가로 생일에 방문했다고 교꾸로 케이크도 만들어주셨습니다. 재밌는 얘기도 많이 해주시고 인간미 넘치세요 ㅎㅎ"
아더스시,100,"손님 한명한명 섬세하게 신경써주셔서 식사내내 기분이 너무 좋았습니다☺️
비린내 하나 없이 사용된 재료들 맛이 잘 어우러지는게 너무 좋았어요! 부드럽고 향도 너무 좋고 다음에 부모님 모시고 또 오고싶어요~
+쉐프님 목소리 넘 좋으심🙃"
아더스시,100,"찐~~ 맛집!!
재방문의사 100%"
스시 하쿠샤,100,너무너무너무 좋았어요!!
스시 하쿠샤,100,재방문 의사 100% 셰프님이 친절하시고 각각 스시에 대한 설명도 자세히 해주십니다. 맛도 맛있음
아부라소바,100,존맛 혼밥하기도 좋습니다
아부라소바,100,친절하시나.. 맛있는지는 모를
아부라소바,100,완전 맛있어용
상진식감,100,"닭가슴살 안심 뭐 하나 빠짐없이 촉촉하고 부드러워요
원래 카츠 류를 안좋아하는데.... 여기는 너무 맛있게 먹었고 신사 갈 일 있으면 또 가고 싶어요ㅠ"
상진식감,100,닭가슴살 카츠 너무 부드럽고 맛있어요. 개인적으로 돈가스소스가 구비되면 더 좋을 듯 합니다. 메뉴 설명도 꼼꼼히 해주시구 드레싱도 수제라서 사장님과 직원분들이 음식에 정말 신경을 많이 쓰셨다는 걸 느낄 수 있었어요! 맛있게 잘 먹었습니다
상진식감,100,"가야는이유 : 닭카츠라는 새로운 경험
안가는이유 : 한번으로 족할 경험

모듬 : 세가지 부위가 제공되고 전반적으로 맛은 깨끗하고 깔끔하다고 느껴졌지만 튀김옷이나 고기의 맛은 신기하다정도에서만 그치는, 다른 반찬들도 입맛에 아주 맞진 않은, 가격대비 양도 아쉬운
더보기"
도키메이테,100,샤리 간이 조금 세고 나머지는 다 좋습니다.
도키메이테,100,"갓스시. 갓성비 오마카세.
사랑해요 셰프님"
토끼회관,20,"매장에 가면 서빙 또는 아르바이트하는 직원이 자리가 있음에도 불구하고 무조건 대기표 작성하고 나가 있으라고 밖으로 밀어내는 듯하여 몹시 불쾌한 기분이 들어서 그냥 다른 곳에 가서 식사를 했습니다.  사실 이런 일은 이번 뿐 아니라 얼마 전에도 그랬었는데 오늘도 그런 상황에 처하고 보니 이제 다시는 그곳에 가지 않아야겠다는 생각을 하게 되었습니다.
바라는 것은 종업원으로서 말투며 행동 하나하나를  손님 입장에서 좀 친절하게 안내 또는 대했으면 하는 바램으로 어렵게 이 글을 올립니다.
더보기"
토끼회관,20,마쉿는디 양이 적다
멘야유메미루 역삼역점,80,"무난한맛
적당한가격"
멘야유메미루 역삼역점,80,혹시나해서 텀을 두고 두 번 방문해봤다. 서비스와 직원들의 친절도는 만점! 그리고 개인차겠지만 마제소바는 기대 이하.. 끝!
통영수산시장,20,"다시는 주문 안할듯.
가족들끼리 오랜만에 모여 회를 먹으려고 쿠팡이츠를 통해 주문.
배달 예상 시간 1시간인데 그 시간이 넘어서까지 배달중이 아닌 준비중으로 떠있어 전화검.
매장측 주문 받은것이 없다고 발뺌. 정확한 금액과 주소를 알려주니 이제 나왔다고 말 바꿈. 그러면서 배달원이 안잡혀 배송을 못하는중이라 변명. (주문 들어온게 없다했으면서 왜 이제 음식이 나왔다하고 배달원 핑계를 대는지..)
그것이 사실이라면 처음부터 배달원이 안잡혀 배송을 못하고 있으니 조금만 더 기다려달라는 말 한마디면 기다릴것인데 오히려 배달원이 안잡히는걸 왜 본인한테 따지냐고(따지진 않았는데) 큰소리. 죄송하단 말 들으려고 한것도 아니고 그냥 얼마나 더 걸릴지 궁금해서 전화했는데 주문 들어온게 없다고 거짓말을 하고 더 설명하니 이제 음식나왔다고 믿음이 안가는 말을 하고 이상한 핑계를 대는걸 보니 이 집에서는 이번생에는 시켜먹지 말자. 블로그 글 보니 좋아보여 믿고 주문했는데 사장님 기분에 따라 다르나보네요. 현명한 선택하시길..
더보기"
통영수산시장,20,우리사장님 쌉불친절
카츠하나,100,은근히 혼밥할 곳이 마땅치않은 곳인데 혼밥하기 좋아요.
카츠하나,100,지난번엔 카츠 먹고 오늘은 김치나베 먹었는데 정말 맛있네요 잘 끓인 김치찌개와 돈까스의 조합은 정말 깔끔 그자체입니다. 직원 분들 너무 친절하시고 좋아요 다음에 또 방문할게요 맛있게 잘 먹었습니다😊
카츠하나,100,잘함
스시아오마츠,100,최근에 먹은곳중 가장 가격이상의 가치를 만드는곳
스시아오마츠,100,근래에 방문한 곳 중에 가장 만족스러워요 😋
스시아오마츠,100,"샤리가 고슬고슬해서 맛있었어요
디너였는데 양이 많아서 거의 2-3시간 먹은 것 같아요 ㅠ"
은행골 논현점,100,"이렇게 성의없는 초밥은 처음 먹어봄
참치 초밥 시켰는데 밥알은 다 흐트러져있고 심지어 접시 가장자리에 밥풀도 묻어있음.
그냥 막말로 초등학생이 엄마 도와주려고 옆에서 쥐던거 그위에 참치 올린 모습이었음.
밥에 촛물이 흥건함 아니면 미리 만들어 놓은지 오래 되서 참치가 녹은건지. 도로세트 였는데 돈이 아까웠음
더보기"
